FID,ID,TYPE,ORIG_FID,X,Y
0,1,O,0,5.8000002,35.7099991
1,1,O,0,7.96,35.8600006
2,1,O,0,10.1300001,36.0099983
3,1,O,0,8.6800003,33.9799995
4,1,O,0,7.23,31.9400005
5,1,O,0,6.6399999,32.9199982
6,1,O,0,6.0599999,33.8899994
7,1,O,0,5.9299998,34.7999992
8,1,O,0,5.8000002,35.7099991
9,2,O,1,7.23,31.9400005
10,2,O,1,8.6800003,33.9799995
11,2,O,1,10.1300001,36.0099983
12,2,O,1,11.8000002,33.5499992
13,2,O,1,13.46,31.0900002
14,2,O,1,11.8999996,30.1599998
15,2,O,1,10.3500004,29.2299995
16,2,O,1,8.79,30.5799999
17,2,O,1,7.23,31.9400005
18,3,O,2,13.46,31.0900002
19,3,O,2,11.8000002,33.5499992
20,3,O,2,10.1300001,36.0099983
21,3,O,2,11.6199999,35.8100014
22,3,O,2,13.1099997,35.6100006
23,3,O,2,15.9300003,34.4599991
24,3,O,2,18.75,33.2999992
25,3,O,2,15.8000002,31
26,3,O,2,13.46,31.0900002
27,4,O,3,10.3500004,29.2299995
28,4,O,3,11.8999996,30.1599998
29,4,O,3,13.46,31.0900002
30,4,O,3,15.3000002,29.2700005
31,4,O,3,17.1499996,27.4500008
32,4,O,3,15.3800001,25.5799999
33,4,O,3,13.6199999,23.7199993
34,4,O,3,11.9799995,26.4799995
35,4,O,3,10.3500004,29.2299995
36,5,O,4,13.46,31.0900002
37,5,O,4,15.8000002,31
38,5,O,4,18.75,33.2999992
39,5,O,4,19.3899994,31.1399994
40,5,O,4,20.0300007,28.9799995
41,5,O,4,18.5900002,28.2199993
42,5,O,4,17.1499996,27.4500008
43,5,O,4,15.3000002,29.2700005
44,5,O,4,13.46,31.0900002
45,6,O,5,20.0300007,28.9799995
46,6,O,5,19.3899994,31.1399994
47,6,O,5,18.75,33.2999992
48,6,O,5,21.1599998,32.7999992
49,6,O,5,23.5699997,32.3100014
50,6,O,5,23.3500004,30.7399998
51,6,O,5,23.1299992,29.1700001
52,6,O,5,21.5799999,29.0799999
53,6,O,5,20.0300007,28.9799995
54,7,O,6,17.1499996,27.4500008
55,7,O,6,18.5900002,28.2199993
56,7,O,6,20.0300007,28.9799995
57,7,O,6,21.5799999,29.0799999
58,7,O,6,23.1299992,29.1700001
59,7,O,6,24.2999992,27.7000008
60,7,O,6,25.4599991,26.2199993
61,7,O,6,23.1800003,25.3999996
62,7,O,6,20.8899994,24.5799999
63,7,O,6,19.0200005,26.0200005
64,7,O,6,17.1499996,27.4500008
65,8,O,7,13.6199999,23.7199993
66,8,O,7,15.3800001,25.5799999
67,8,O,7,17.1499996,27.4500008
68,8,O,7,19.0200005,26.0200005
69,8,O,7,20.8899994,24.5799999
70,8,O,7,19.4400005,23.0100002
71,8,O,7,17.9799995,21.4400005
72,8,O,7,15.8000002,22.5799999
73,8,O,7,13.6199999,23.7199993
74,9,O,8,17.9799995,21.4400005
75,9,O,8,19.4400005,23.0100002
76,9,O,8,20.8899994,24.5799999
77,9,O,8,23.5599995,22.2000008
78,9,O,8,26.2199993,19.8099995
79,9,O,8,24.5,18.4300003
80,9,O,8,22.7800007,17.0499992
81,9,O,8,20.3799992,19.2399998
82,9,O,8,17.9799995,21.4400005
83,10,O,9,20.8899994,24.5799999
84,10,O,9,23.1800003,25.3999996
85,10,O,9,25.4599991,26.2199993
86,10,O,9,27.25,24.1900005
87,10,O,9,29.0400009,22.1599998
88,10,O,9,28.7900009,21.9599991
89,10,O,9,28.5400009,21.75
90,10,O,9,27.3799992,20.7800007
91,10,O,9,26.2199993,19.8099995
92,10,O,9,23.5599995,22.2000008
93,10,O,9,20.8899994,24.5799999
94,11,O,10,26.2199993,19.8099995
95,11,O,10,27.3799992,20.7800007
96,11,O,10,28.5400009,21.75
97,11,O,10,30.2900009,19.9200001
98,11,O,10,31.75,19.6700001
99,11,O,10,31.3400002,18.7999992
100,11,O,10,30.9400005,17.9200001
101,11,O,10,30.0200005,17.3799992
102,11,O,10,29.1100006,16.8500004
103,11,O,10,27.6599998,18.3299999
104,11,O,10,26.2199993,19.8099995
105,12,O,11,22.7800007,17.0499992
106,12,O,11,24.5,18.4300003
107,12,O,11,26.2199993,19.8099995
108,12,O,11,27.6599998,18.3299999
109,12,O,11,29.1100006,16.8500004
110,12,O,11,26.9500008,15.4399996
111,12,O,11,25.9599991,13
112,12,O,11,24.3700008,15.0200005
113,12,O,11,22.7800007,17.0499992
114,13,O,12,25.9599991,13
115,13,O,12,26.9500008,15.4399996
116,13,O,12,29.1100006,16.8500004
117,13,O,12,31.1399994,15.7600002
118,13,O,12,33.1699982,14.6599998
119,13,O,12,33.0299988,11.3800001
120,13,O,12,27.6599998,12.6700001
121,13,O,12,26.7700005,12.1000004
122,13,O,12,25.9599991,13
123,14,O,13,29.1100006,16.8500004
124,14,O,13,30.0200005,17.3799992
125,14,O,13,30.9400005,17.9200001
126,14,O,13,31.6200008,17.0100002
127,14,O,13,34.6699982,18.1299992
128,14,O,13,35.0400009,17.0599995
129,14,O,13,35.4199982,16
130,14,O,13,33.2000008,15.9499998
131,14,O,13,33.1699982,14.6599998
132,14,O,13,31.1399994,15.7600002
133,14,O,13,29.1100006,16.8500004
134,15,O,14,35.5600014,19.8700008
135,15,O,14,35.2200012,19.4699993
136,15,O,14,34.8899994,19.0699997
137,15,O,14,33.3199997,19.3700008
138,15,O,14,31.75,19.6700001
139,15,O,14,30.3999996,20.9200001
140,15,O,14,29.0400009,22.1599998
141,15,O,14,29.8899994,22.3400002
142,15,O,14,35.2299995,23.2099991
143,15,O,14,35.4000015,21.5400009
144,15,O,14,35.5600014,19.8700008
145,16,O,15,35.4199982,16
146,16,O,15,35.0400009,17.0599995
147,16,O,15,34.6699982,18.1299992
148,16,O,15,34.7799988,18.6000004
149,16,O,15,34.8899994,19.0699997
150,16,O,15,35.2200012,19.4699993
151,16,O,15,35.5600014,19.8700008
152,16,O,15,37.5600014,18.6299992
153,16,O,15,39.7299995,19.1000004
154,16,O,15,40.2599983,17.5300007
155,16,O,15,40.7999992,15.96
156,16,O,15,38.1100006,15.9799995
157,16,O,15,35.4199982,16
158,17,O,16,35.2299995,23.2099991
159,17,O,16,36.4799995,23.1399994
160,17,O,16,37.7400017,23.0699997
161,17,O,16,38.7400017,21.0799999
162,17,O,16,39.7299995,19.1000004
163,17,O,16,37.5600014,18.6299992
164,17,O,16,35.5600014,19.8700008
165,17,O,16,35.4000015,21.5400009
166,17,O,16,35.2299995,23.2099991
167,18,O,17,10.1300001,36.0099983
168,18,O,17,7.96,35.8600006
169,18,O,17,5.8000002,35.7099991
170,18,O,17,5.52,36.4199982
171,18,O,17,5.25,37.1399994
172,18,O,17,6.5799999,38.6599998
173,18,O,17,7.9200001,40.1800003
174,18,O,17,9.0200005,38.0999985
175,18,O,17,10.1300001,36.0099983
176,19,O,18,13.1099997,35.6100006
177,19,O,18,11.6199999,35.8100014
178,19,O,18,10.1300001,36.0099983
179,19,O,18,9.0200005,38.0999985
180,19,O,18,7.9200001,40.1800003
181,19,O,18,9.7700005,40.0699997
182,19,O,18,10.9799995,41.3499985
183,19,O,18,13.5500002,41.1800003
184,19,O,18,13.8199997,39.3499985
185,19,O,18,14.1000004,37.5200005
186,19,O,18,13.6000004,36.5600014
187,19,O,18,13.1099997,35.6100006
188,20,O,19,18.75,33.2999992
189,20,O,19,15.9300003,34.4599991
190,20,O,19,13.1099997,35.6100006
191,20,O,19,13.6000004,36.5600014
192,20,O,19,14.1000004,37.5200005
193,20,O,19,17.25,37.1500015
194,20,O,19,20.3999996,36.7799988
195,20,O,19,19.5799999,35.0400009
196,20,O,19,18.75,33.2999992
197,21,O,20,14.1000004,37.5200005
198,21,O,20,13.8199997,39.3499985
199,21,O,20,13.5500002,41.1800003
200,21,O,20,16.6599998,41.0600014
201,21,O,20,19.7800007,40.9399986
202,21,O,20,20.0900002,38.8600006
203,21,O,20,20.3999996,36.7799988
204,21,O,20,17.25,37.1500015
205,21,O,20,14.1000004,37.5200005
206,22,O,21,20.3999996,36.7799988
207,22,O,21,20.0900002,38.8600006
208,22,O,21,19.7800007,40.9399986
209,22,O,21,23.5799999,39.7000008
210,22,O,21,27.3799992,38.4700012
211,22,O,21,26.7000008,36.9900017
212,22,O,21,26.0300007,35.5099983
213,22,O,21,23.8099995,36.9000015
214,22,O,21,20.3999996,36.7799988
215,23,O,22,23.5699997,32.3100014
216,23,O,22,21.1599998,32.7999992
217,23,O,22,18.75,33.2999992
218,23,O,22,19.5799999,35.0400009
219,23,O,22,20.3999996,36.7799988
220,23,O,22,23.8099995,36.9000015
221,23,O,22,26.0300007,35.5099983
222,23,O,22,24.7999992,33.9099998
223,23,O,22,23.5699997,32.3100014
224,24,O,23,23.5699997,32.3100014
225,24,O,23,24.7999992,33.9099998
226,24,O,23,26.0300007,35.5099983
227,24,O,23,27.4500008,34.3199997
228,24,O,23,28.8700008,33.1300011
229,24,O,23,30.4599991,32.4000015
230,24,O,23,32.0600014,31.6700001
231,24,O,23,30.9799995,30.9200001
232,24,O,23,29.8999996,30.1800003
233,24,O,23,26.7399998,31.2399998
234,24,O,23,23.5699997,32.3100014
235,25,O,24,26.0300007,35.5099983
236,25,O,24,26.7000008,36.9900017
237,25,O,24,27.3799992,38.4700012
238,25,O,24,28.5799999,38.4000015
239,25,O,24,29.7900009,38.3300018
240,25,O,24,29.8400002,36.5400009
241,25,O,24,29.8799992,34.75
242,25,O,24,29.3799992,33.9399986
243,25,O,24,28.8700008,33.1300011
244,25,O,24,27.4500008,34.3199997
245,25,O,24,26.0300007,35.5099983
246,26,O,25,29.8799992,34.75
247,26,O,25,29.8400002,36.5400009
248,26,O,25,29.7900009,38.3300018
249,26,O,25,31.0599995,39.6500015
250,26,O,25,32.8100014,39.6300011
251,26,O,25,33.8899994,36.6599998
252,26,O,25,31.8799992,35.7000008
253,26,O,25,29.8799992,34.75
254,27,O,26,32.0600014,31.6700001
255,27,O,26,30.4599991,32.4000015
256,27,O,26,28.8700008,33.1300011
257,27,O,26,29.3799992,33.9399986
258,27,O,26,29.8799992,34.75
259,27,O,26,31.8799992,35.7000008
260,27,O,26,33.8899994,36.6599998
261,27,O,26,34.3600006,35.1199989
262,27,O,26,34.8400002,33.5800018
263,27,O,26,33.4500008,32.6199989
264,27,O,26,32.0600014,31.6700001
265,28,O,27,35.5299988,34.0499992
266,28,O,27,35.0400009,35.5400009
267,28,O,27,34.5400009,37.0400009
268,28,O,27,35.7000008,38.4000015
269,28,O,27,36.8600006,39.7599983
270,28,O,27,37.5800018,38.5900002
271,28,O,27,38.2900009,37.4199982
272,28,O,27,36.9099998,35.7400017
273,28,O,27,35.5299988,34.0499992
274,29,O,28,34.5400009,37.0400009
275,29,O,28,33.9399986,38.6699982
276,29,O,28,33.3300018,40.2999992
277,29,O,28,33.7000008,40.8800011
278,29,O,28,34.0699997,41.4599991
279,29,O,28,35.4599991,40.6100006
280,29,O,28,36.8600006,39.7599983
281,29,O,28,35.7000008,38.4000015
282,29,O,28,34.5400009,37.0400009
283,30,O,29,36.8600006,39.7599983
284,30,O,29,35.4599991,40.6100006
285,30,O,29,34.0699997,41.4599991
286,30,O,29,34.1699982,42.8199997
287,30,O,29,34.2700005,44.1800003
288,30,O,29,35.5400009,43.8400002
289,30,O,29,36.8100014,43.5
290,30,O,29,38.0099983,42.6599998
291,30,O,29,39.2099991,41.8300018
292,30,O,29,38.0400009,40.7999992
293,30,O,29,36.8600006,39.7599983
294,31,O,30,36.8600006,39.7599983
295,31,O,30,38.0400009,40.7999992
296,31,O,30,39.2099991,41.8300018
297,31,O,30,41.1300011,41.0699997
298,31,O,30,43.0499992,40.3100014
299,31,O,30,40.1300011,39.3600006
300,31,O,30,38.2900009,37.4199982
301,31,O,30,37.5800018,38.5900002
302,31,O,30,36.8600006,39.7599983
303,32,O,31,39.2099991,41.8300018
304,32,O,31,38.0099983,42.6599998
305,32,O,31,36.8100014,43.5
306,32,O,31,35.8600006,45.6599998
307,32,O,31,38.0600014,46.6599998
308,32,O,31,41.1199989,44.8600006
309,32,O,31,40.1599998,43.3400002
310,32,O,31,39.2099991,41.8300018
311,33,O,32,43.0499992,40.3100014
312,33,O,32,41.1300011,41.0699997
313,33,O,32,39.2099991,41.8300018
314,33,O,32,40.1599998,43.3400002
315,33,O,32,41.1199989,44.8600006
316,33,O,32,42.2599983,45.1800003
317,33,O,32,43.4000015,45.5099983
318,33,O,32,45.8800011,43.5099983
319,33,O,32,48.3699989,41.5099983
320,33,O,32,45.7099991,40.9099998
321,33,O,32,43.0499992,40.3100014
322,34,O,33,47.7599983,43.7599983
323,34,O,33,46.7700005,45.4900017
324,34,O,33,43.9399986,47.6800003
325,34,O,33,44.7299995,48.8800011
326,34,O,33,45.5200005,50.0699997
327,34,O,33,46.5400009,49.9599991
328,34,O,33,47.5699997,49.8400002
329,34,O,33,47.8300018,49.2400017
330,34,O,33,48.0900002,48.6399994
331,34,O,33,47.0900002,48.1800003
332,34,O,33,47.7599983,43.7599983
333,35,O,34,48.3699989,41.5099983
334,35,O,34,48.0600014,42.6399994
335,35,O,34,47.7599983,43.7599983
336,35,O,34,47.0900002,48.1800003
337,35,O,34,48.0900002,48.6399994
338,35,O,34,48.5200005,48.6500015
339,35,O,34,48.9599991,48.6599998
340,35,O,34,49.3400002,48.6699982
341,35,O,34,49.7099991,48.6800003
342,35,O,34,49.2700005,46.7400017
343,35,O,34,50.5099983,46.8100014
344,35,O,34,49.6899986,43.4199982
345,35,O,34,50.6100006,43.0299988
346,35,O,34,49.4900017,42.2700005
347,35,O,34,48.3699989,41.5099983
348,36,O,35,50.6100006,43.0299988
349,36,O,35,49.6899986,43.4199982
350,36,O,35,50.5099983,46.8100014
351,36,O,35,49.2700005,46.7400017
352,36,O,35,49.7099991,48.6800003
353,36,O,35,51.5,46.8699989
354,36,O,35,53.0499992,47.6100006
355,36,O,35,53.8199997,47.1100006
356,36,O,35,54.5800018,46.6100006
357,36,O,35,53.4199982,45.1599998
358,36,O,35,53.9599991,43.3600006
359,36,O,35,53,43.0800018
360,36,O,35,52.0499992,42.7999992
361,36,O,35,51.6599998,44.9199982
362,36,O,35,50.9700012,44.6100006
363,36,O,35,50.6100006,43.0299988
364,37,O,36,54.5800018,46.6100006
365,37,O,36,53.8199997,47.1100006
366,37,O,36,53.0499992,47.6100006
367,37,O,36,53.5800018,48.6100006
368,37,O,36,54.1100006,49.6100006
369,37,O,36,55.5800018,50.1699982
370,37,O,36,57.0400009,50.7299995
371,37,O,36,56.9599991,49.3400002
372,37,O,36,56.8699989,47.9500008
373,37,O,36,55.7200012,47.2799988
374,37,O,36,54.5800018,46.6100006
375,38,O,37,53.0499992,47.6100006
376,38,O,37,51.5,46.8699989
377,38,O,37,49.7099991,48.6800003
378,38,O,37,50.3499985,50.8899994
379,38,O,37,52.3100014,52.8199997
380,38,O,37,51.9500008,50.8300018
381,38,O,37,52.6699982,49.75
382,38,O,37,54.1100006,49.6100006
383,38,O,37,53.5800018,48.6100006
384,38,O,37,53.0499992,47.6100006
385,39,O,38,57.0400009,50.7299995
386,39,O,38,55.5800018,50.1699982
387,39,O,38,54.1100006,49.6100006
388,39,O,38,52.6699982,49.75
389,39,O,38,51.9500008,50.8300018
390,39,O,38,52.3100014,52.8199997
391,39,O,38,52.9399986,53.0600014
392,39,O,38,53.5600014,53.3100014
393,39,O,38,54.8499985,53.7900009
394,39,O,38,56.1399994,54.2700005
395,39,O,38,56.5900002,52.5
396,39,O,38,57.0400009,50.7299995
397,40,O,39,49.7099991,48.6800003
398,40,O,39,49.3400002,48.6699982
399,40,O,39,48.9599991,48.6599998
400,40,O,39,49.0600014,50.9799995
401,40,O,39,50.4099998,52.8400002
402,40,O,39,51.5400009,53.5400009
403,40,O,39,52.6800003,54.2400017
404,40,O,39,53.1199989,53.7799988
405,40,O,39,53.5600014,53.3100014
406,40,O,39,52.9399986,53.0600014
407,40,O,39,52.3100014,52.8199997
408,40,O,39,50.3499985,50.8899994
409,40,O,39,49.7099991,48.6800003
410,41,O,40,48.0900002,48.6399994
411,41,O,40,47.8300018,49.2400017
412,41,O,40,47.5699997,49.8400002
413,41,O,40,48.1300011,51.2299995
414,41,O,40,47.3499985,52.0400009
415,41,O,40,48.7200012,52.7200012
416,41,O,40,49.5600014,52.7799988
417,41,O,40,50.4099998,52.8400002
418,41,O,40,49.0600014,50.9799995
419,41,O,40,48.9599991,48.6599998
420,41,O,40,48.5200005,48.6500015
421,41,O,40,48.0900002,48.6399994
422,42,O,41,52.6800003,54.2400017
423,42,O,41,51.5400009,53.5400009
424,42,O,41,50.4099998,52.8400002
425,42,O,41,49.5600014,52.7799988
426,42,O,41,48.7200012,52.7200012
427,42,O,41,48.5400009,53.1199989
428,42,O,41,48.3600006,53.5299988
429,42,O,41,49.6399994,54.2900009
430,42,O,41,50.9199982,55.0499992
431,42,O,41,51.4799995,55
432,42,O,41,52.0299988,54.9399986
433,42,O,41,52.3600006,54.5900002
434,42,O,41,52.6800003,54.2400017
435,43,O,42,56.1399994,54.2700005
436,43,O,42,54.8499985,53.7900009
437,43,O,42,53.5600014,53.3100014
438,43,O,42,53.1199989,53.7799988
439,43,O,42,52.6800003,54.2400017
440,43,O,42,52.3600006,54.5900002
441,43,O,42,52.0299988,54.9399986
442,43,O,42,53.2400017,56.3400002
443,43,O,42,54.4399986,57.75
444,43,O,42,55.2900009,56.0099983
445,43,O,42,56.1399994,54.2700005
446,44,O,43,47.5699997,49.8400002
447,44,O,43,46.5400009,49.9599991
448,44,O,43,45.5200005,50.0699997
449,44,O,43,45.4099998,51.4399986
450,44,O,43,45.2999992,52.8199997
451,44,O,43,45.8800011,53.4000015
452,44,O,43,46.4599991,53.9799995
453,44,O,43,47.4099998,53.7599983
454,44,O,43,48.3600006,53.5299988
455,44,O,43,48.5400009,53.1199989
456,44,O,43,48.7200012,52.7200012
457,44,O,43,47.3499985,52.0400009
458,44,O,43,48.1300011,51.2299995
459,44,O,43,47.5699997,49.8400002
460,45,O,44,46.4599991,53.9799995
461,45,O,44,45.8800011,53.4000015
462,45,O,44,45.2999992,52.8199997
463,45,O,44,43.1800003,52.2799988
464,45,O,44,42.8699989,53.0099983
465,45,O,44,46.1300011,56.3499985
466,45,O,44,46.2999992,55.1599998
467,45,O,44,46.4599991,53.9799995
468,46,O,45,50.9199982,55.0499992
469,46,O,45,49.6399994,54.2900009
470,46,O,45,48.3600006,53.5299988
471,46,O,45,47.4099998,53.7599983
472,46,O,45,46.4599991,53.9799995
473,46,O,45,46.2999992,55.1599998
474,46,O,45,46.1300011,56.3499985
475,46,O,45,47.6599998,57.2200012
476,46,O,45,49.1899986,58.0800018
477,46,O,45,50.0600014,56.5600014
478,46,O,45,50.9199982,55.0499992
479,47,O,46,52.0299988,54.9399986
480,47,O,46,51.4799995,55
481,47,O,46,50.9199982,55.0499992
482,47,O,46,50.0600014,56.5600014
483,47,O,46,49.1899986,58.0800018
484,47,O,46,51.3100014,58.7400017
485,47,O,46,53.4300003,59.4099998
486,47,O,46,53.9399986,58.5800018
487,47,O,46,54.4399986,57.75
488,47,O,46,53.2400017,56.3400002
489,47,O,46,52.0299988,54.9399986
490,48,O,47,48.3699989,41.5099983
491,48,O,47,49.4900017,42.2700005
492,48,O,47,50.6100006,43.0299988
493,48,O,47,51.4799995,42.2400017
494,48,O,47,52.3400002,41.4399986
495,48,O,47,52.8400002,40.7000008
496,48,O,47,53.3499985,39.9700012
497,48,O,47,53.4099998,39.1599998
498,48,O,47,53.4700012,38.3600006
499,48,O,47,52.4199982,37.7099991
500,48,O,47,49.5600014,39.1100006
501,48,O,47,48.9599991,40.3100014
502,48,O,47,48.3699989,41.5099983
503,49,O,48,53.4700012,38.3600006
504,49,O,48,53.4099998,39.1599998
505,49,O,48,53.3499985,39.9700012
506,49,O,48,55.1899986,39.9900017
507,49,O,48,57.5200005,41.2900009
508,49,O,48,57,39.3899994
509,49,O,48,57.1899986,38.0499992
510,49,O,48,55.3300018,38.2000008
511,49,O,48,53.4700012,38.3600006
512,50,O,49,57.1899986,38.0499992
513,50,O,49,57,39.3899994
514,50,O,49,57.5200005,41.2900009
515,50,O,49,58.1199989,41.9700012
516,50,O,49,58.7200012,42.6500015
517,50,O,49,59.8600006,41.7000008
518,50,O,49,61.0499992,42.1599998
519,50,O,49,62.5600014,41.0600014
520,50,O,49,60.6599998,38.3400002
521,50,O,49,57.1899986,38.0499992
522,51,O,50,52.0499992,42.7999992
523,51,O,50,53,43.0800018
524,51,O,50,53.9599991,43.3600006
525,51,O,50,56.4900017,44.0499992
526,51,O,50,59.0200005,44.7400017
527,51,O,50,58.8699989,43.7000008
528,51,O,50,58.7200012,42.6500015
529,51,O,50,58.1199989,41.9700012
530,51,O,50,57.5200005,41.2900009
531,51,O,50,55.1899986,39.9900017
532,51,O,50,53.3499985,39.9700012
533,51,O,50,52.8400002,40.7000008
534,51,O,50,52.3400002,41.4399986
535,51,O,50,54.0499992,41.3199997
536,51,O,50,54.3800011,42.1399994
537,51,O,50,52.0499992,42.7999992
538,52,O,51,62.5600014,41.0600014
539,52,O,51,61.0499992,42.1599998
540,52,O,51,59.8600006,41.7000008
541,52,O,51,58.7200012,42.6500015
542,52,O,51,58.8699989,43.7000008
543,52,O,51,59.0200005,44.7400017
544,52,O,51,61.0099983,45.4099998
545,52,O,51,61.8400002,46.8199997
546,52,O,51,62.5,47.1399994
547,52,O,51,63.1599998,47.4500008
548,52,O,51,63.4199982,46.9599991
549,52,O,51,63.6899986,46.4700012
550,52,O,51,64.3099976,45.3199997
551,52,O,51,64.1999969,43.9300003
552,52,O,51,63.3800011,42.5
553,52,O,51,62.5600014,41.0600014
554,53,O,52,53.9599991,43.3600006
555,53,O,52,53.4199982,45.1599998
556,53,O,52,54.5800018,46.6100006
557,53,O,52,55.7200012,47.2799988
558,53,O,52,56.8699989,47.9500008
559,53,O,52,57.9399986,46.3400002
560,53,O,52,59.0200005,44.7400017
561,53,O,52,56.4900017,44.0499992
562,53,O,52,53.9599991,43.3600006
563,54,O,53,61.8400002,46.8199997
564,54,O,53,61.0099983,45.4099998
565,54,O,53,59.0200005,44.7400017
566,54,O,53,57.9399986,46.3400002
567,54,O,53,56.8699989,47.9500008
568,54,O,53,58.4199982,48.7799988
569,54,O,53,59.9599991,49.5999985
570,54,O,53,60.9000015,48.2099991
571,54,O,53,61.8400002,46.8199997
572,55,O,54,63.1599998,47.4500008
573,55,O,54,62.5,47.1399994
574,55,O,54,61.8400002,46.8199997
575,55,O,54,60.9000015,48.2099991
576,55,O,54,59.9599991,49.5999985
577,55,O,54,60.6800003,50.5600014
578,55,O,54,61.4000015,51.5200005
579,55,O,54,62.9900017,51.5200005
580,55,O,54,64.5800018,51.5299988
581,55,O,54,63.8699989,49.4900017
582,55,O,54,63.1599998,47.4500008
583,56,O,55,56.8699989,47.9500008
584,56,O,55,56.9599991,49.3400002
585,56,O,55,57.0400009,50.7299995
586,56,O,55,60.1199989,51.7000008
587,56,O,55,61.4000015,51.5200005
588,56,O,55,60.6800003,50.5600014
589,56,O,55,59.9599991,49.5999985
590,56,O,55,58.4199982,48.7799988
591,56,O,55,56.8699989,47.9500008
592,57,O,56,57.0400009,50.7299995
593,57,O,56,56.5900002,52.5
594,57,O,56,56.1399994,54.2700005
595,57,O,56,57.8699989,54.0600014
596,57,O,56,58.9599991,54.8300018
597,57,O,56,60.5999985,52.9799995
598,57,O,56,61.4000015,51.5200005
599,57,O,56,60.1199989,51.7000008
600,57,O,56,57.0400009,50.7299995
601,58,O,57,56.1399994,54.2700005
602,58,O,57,55.2900009,56.0099983
603,58,O,57,54.4399986,57.75
604,58,O,57,56.25,57.7400017
605,58,O,57,58.0600014,57.7200012
606,58,O,57,58.5099983,56.2799988
607,58,O,57,58.9599991,54.8300018
608,58,O,57,57.8699989,54.0600014
609,58,O,57,56.1399994,54.2700005
610,59,O,58,54.4399986,57.75
611,59,O,58,53.9399986,58.5800018
612,59,O,58,53.4300003,59.4099998
613,59,O,58,55.3400002,60.3600006
614,59,O,58,57.2400017,61.3199997
615,59,O,58,57.6500015,59.5200005
616,59,O,58,58.0600014,57.7200012
617,59,O,58,56.25,57.7400017
618,59,O,58,54.4399986,57.75
619,60,O,59,58.0600014,57.7200012
620,60,O,59,57.6500015,59.5200005
621,60,O,59,57.2400017,61.3199997
622,60,O,59,59.2299995,61.4300003
623,60,O,59,59.7400017,60.6500015
624,60,O,59,61.3800011,61.0699997
625,60,O,59,61.6399994,59.8100014
626,60,O,59,62.5,59.0200005
627,60,O,59,60.2900009,57.6699982
628,60,O,59,58.0600014,57.7200012
629,61,O,60,58.9599991,54.8300018
630,61,O,60,58.5099983,56.2799988
631,61,O,60,58.0600014,57.7200012
632,61,O,60,60.2900009,57.6699982
633,61,O,60,62.5,59.0200005
634,61,O,60,63,58.8800011
635,61,O,60,63.5099983,58.75
636,61,O,60,63.5400009,57.8100014
637,61,O,60,63.1199989,56.9300003
638,61,O,60,64.5599976,55.7000008
639,61,O,60,61.9500008,55.2200012
640,61,O,60,60.0600014,55.4000015
641,61,O,60,58.9599991,54.8300018
642,62,O,61,64.5800018,51.5299988
643,62,O,61,62.9900017,51.5200005
644,62,O,61,61.4000015,51.5200005
645,62,O,61,60.5999985,52.9799995
646,62,O,61,58.9599991,54.8300018
647,62,O,61,60.0600014,55.4000015
648,62,O,61,61.9500008,55.2200012
649,62,O,61,64.5599976,55.7000008
650,62,O,61,65.1399994,55.8899994
651,62,O,61,65.7099991,56.0800018
652,62,O,61,66.4599991,55.6800003
653,62,O,61,67.2099991,55.2799988
654,62,O,61,65.9400024,54.0999985
655,62,O,61,63.8400002,53.5999985
656,62,O,61,64.5800018,51.5299988
657,63,O,62,64.5599976,55.7000008
658,63,O,62,63.1199989,56.9300003
659,63,O,62,63.5400009,57.8100014
660,63,O,62,63.5099983,58.75
661,63,O,62,64.0899963,58.8199997
662,63,O,62,64.6699982,58.8899994
663,63,O,62,65.1900024,57.4799995
664,63,O,62,65.7099991,56.0800018
665,63,O,62,65.1399994,55.8899994
666,63,O,62,64.5599976,55.7000008
667,64,O,63,62.5,59.0200005
668,64,O,63,61.6399994,59.8100014
669,64,O,63,61.3800011,61.0699997
670,64,O,63,62.6599998,60.9099998
671,64,O,63,63.9399986,60.75
672,64,O,63,64.3000031,59.8199997
673,64,O,63,64.6699982,58.8899994
674,64,O,63,64.0899963,58.8199997
675,64,O,63,63.5099983,58.75
676,64,O,63,63,58.8800011
677,64,O,63,62.5,59.0200005
678,65,O,64,64.6699982,58.8899994
679,65,O,64,64.3000031,59.8199997
680,65,O,64,63.9399986,60.75
681,65,O,64,65.8399963,61.9399986
682,65,O,64,68.9199982,61.3600006
683,65,O,64,68.8899994,60.3199997
684,65,O,64,68.8600006,59.2900009
685,65,O,64,68.1200027,59.3199997
686,65,O,64,67.3899994,59.3600006
687,65,O,64,66.0299988,59.1199989
688,65,O,64,64.6699982,58.8899994
689,66,O,65,65.7099991,56.0800018
690,66,O,65,65.1900024,57.4799995
691,66,O,65,64.6699982,58.8899994
692,66,O,65,66.0299988,59.1199989
693,66,O,65,67.3899994,59.3600006
694,66,O,65,66.5500031,57.7200012
695,66,O,65,65.7099991,56.0800018
696,67,O,66,67.2099991,55.2799988
697,67,O,66,66.4599991,55.6800003
698,67,O,66,65.7099991,56.0800018
699,67,O,66,66.5500031,57.7200012
700,67,O,66,67.3899994,59.3600006
701,67,O,66,68.1200027,59.3199997
702,67,O,66,68.8600006,59.2900009
703,67,O,66,69.2300034,59.0200005
704,67,O,66,69.5999985,58.7599983
705,67,O,66,68.5199966,56.7200012
706,67,O,66,69.7300034,55.7999992
707,67,O,66,68.4700012,55.5400009
708,67,O,66,67.2099991,55.2799988
709,68,O,67,69.7300034,55.7999992
710,68,O,67,68.5199966,56.7200012
711,68,O,67,69.5999985,58.7599983
712,68,O,67,70.0400009,59.0400009
713,68,O,67,70.4700012,59.3100014
714,68,O,67,71.1699982,58.2200012
715,68,O,67,73.7300034,57.6699982
716,68,O,67,73.2900009,57.1199989
717,68,O,67,72.8499985,56.5800018
718,68,O,67,71.2900009,56.1899986
719,68,O,67,69.7300034,55.7999992
720,69,O,68,73.7300034,57.6699982
721,69,O,68,71.1699982,58.2200012
722,69,O,68,70.4700012,59.3100014
723,69,O,68,71.1299973,60.2900009
724,69,O,68,73.5800018,60.0699997
725,69,O,68,74.0599976,59.3100014
726,69,O,68,74.5400009,58.5499992
727,69,O,68,74.1399994,58.1100006
728,69,O,68,73.7300034,57.6699982
729,70,O,69,68.8600006,59.2900009
730,70,O,69,68.8899994,60.3199997
731,70,O,69,68.9199982,61.3600006
732,70,O,69,71.6500015,62.3800011
733,70,O,69,73.4899979,62.8899994
734,70,O,69,74.7200012,61.8199997
735,70,O,69,75.9599991,60.7400017
736,70,O,69,73.8700027,60.7299995
737,70,O,69,73.5800018,60.0699997
738,70,O,69,71.1299973,60.2900009
739,70,O,69,70.4700012,59.3100014
740,70,O,69,70.0400009,59.0400009
741,70,O,69,69.5999985,58.7599983
742,70,O,69,69.2300034,59.0200005
743,70,O,69,68.8600006,59.2900009
744,71,O,70,74.5400009,58.5499992
745,71,O,70,74.0599976,59.3100014
746,71,O,70,73.5800018,60.0699997
747,71,O,70,73.8700027,60.7299995
748,71,O,70,75.9599991,60.7400017
749,71,O,70,76.6200027,60.4799995
750,71,O,70,77.2699966,60.2099991
751,71,O,70,77.7399979,59.7000008
752,71,O,70,78.2200012,59.1899986
753,71,O,70,77.1200027,58.4199982
754,71,O,70,74.5400009,58.5499992
755,72,O,71,75.9599991,60.7400017
756,72,O,71,74.7200012,61.8199997
757,72,O,71,73.4899979,62.8899994
758,72,O,71,73.6399994,63.2000008
759,72,O,71,73.8000031,63.5
760,72,O,71,75.8600006,63.2700005
761,72,O,71,79.9300003,62.4500008
762,72,O,71,78.5999985,61.3300018
763,72,O,71,77.2699966,60.2099991
764,72,O,71,76.6200027,60.4799995
765,72,O,71,75.9599991,60.7400017
766,73,O,72,79.9300003,62.4500008
767,73,O,72,75.8600006,63.2700005
768,73,O,72,73.8000031,63.5
769,73,O,72,72.9899979,64.7200012
770,73,O,72,75.0500031,65.8499985
771,73,O,72,78.1600037,65.1299973
772,73,O,72,80.1100006,65.0299988
773,73,O,72,81.1500015,63.9199982
774,73,O,72,82.1900024,62.7999992
775,73,O,72,81.0599976,62.6199989
776,73,O,72,79.9300003,62.4500008
777,74,O,73,78.2200012,59.1899986
778,74,O,73,77.7399979,59.7000008
779,74,O,73,77.2699966,60.2099991
780,74,O,73,78.5999985,61.3300018
781,74,O,73,79.9300003,62.4500008
782,74,O,73,81.0599976,62.6199989
783,74,O,73,82.1900024,62.7999992
784,74,O,73,82.9000015,62.5
785,74,O,73,83.6200027,62.2099991
786,74,O,73,84.8799973,61.6199989
787,74,O,73,85.8199997,61.6100006
788,74,O,73,85.3399963,59.7299995
789,74,O,73,85.3499985,57.9599991
790,74,O,73,83.8300018,58.9099998
791,74,O,73,82,59.8400002
792,74,O,73,80.9800034,58.8300018
793,74,O,73,79.5999985,59.0099983
794,74,O,73,78.2200012,59.1899986
795,75,O,74,82.1900024,62.7999992
796,75,O,74,81.1500015,63.9199982
797,75,O,74,80.1100006,65.0299988
798,75,O,74,80.6299973,66.4199982
799,75,O,74,82.1999969,67.3300018
800,75,O,74,85.0599976,68.5199966
801,75,O,74,85.2300034,66.8000031
802,75,O,74,85.9899979,65.0400009
803,75,O,74,85.8899994,64.0400009
804,75,O,74,85.7900009,63.0499992
805,75,O,74,84.6999969,62.6300011
806,75,O,74,83.6200027,62.2099991
807,75,O,74,82.9000015,62.5
808,75,O,74,82.1900024,62.7999992
809,76,O,75,85.7900009,63.0499992
810,76,O,75,85.8899994,64.0400009
811,76,O,75,85.9899979,65.0400009
812,76,O,75,87.1999969,64.5699997
813,76,O,75,88.3799973,65.0999985
814,76,O,75,90.0100021,64.8199997
815,76,O,75,91.0100021,65.2399979
816,76,O,75,91.3199997,64.5
817,76,O,75,91.6399994,63.75
818,76,O,75,89.4499969,64.0999985
819,76,O,75,88.7099991,63.0099983
820,76,O,75,87.2600021,62.3100014
821,76,O,75,85.8199997,61.6100006
822,76,O,75,85.8000031,62.3300018
823,76,O,75,85.7900009,63.0499992
824,77,O,76,85.9899979,65.0400009
825,77,O,76,85.2300034,66.8000031
826,77,O,76,85.0599976,68.5199966
827,77,O,76,87.1699982,67.8300018
828,77,O,76,88.3099976,69.3600006
829,77,O,76,90.1600037,67.4800034
830,77,O,76,91.0100021,65.2399979
831,77,O,76,90.0100021,64.8199997
832,77,O,76,88.3799973,65.0999985
833,77,O,76,87.1999969,64.5699997
834,77,O,76,85.9899979,65.0400009
835,78,O,77,91.0100021,65.2399979
836,78,O,77,90.1600037,67.4800034
837,78,O,77,88.3099976,69.3600006
838,78,O,77,89.9400024,69.7900009
839,78,O,77,92.9800034,70.3300018
840,78,O,77,94.6900024,70.8099976
841,78,O,77,95.2799988,69.1800003
842,78,O,77,95.8700027,67.5400009
843,78,O,77,92.8899994,67.2300034
844,78,O,77,91.0100021,65.2399979
845,79,O,78,91.6399994,63.75
846,79,O,78,91.3199997,64.5
847,79,O,78,91.0100021,65.2399979
848,79,O,78,92.8899994,67.2300034
849,79,O,78,95.8700027,67.5400009
850,79,O,78,96.8399963,66.1600037
851,79,O,78,97.8099976,64.7699966
852,79,O,78,96.7600021,63.8499985
853,79,O,78,94.9599991,63.5900002
854,79,O,78,93.3000031,63.6699982
855,79,O,78,91.6399994,63.75
856,80,O,79,97.8099976,64.7699966
857,80,O,79,96.8399963,66.1600037
858,80,O,79,95.8700027,67.5400009
859,80,O,79,97,68.0800018
860,80,O,79,98.1399994,68.6299973
861,80,O,79,98.7200012,67.4000015
862,80,O,79,99.2900009,66.1800003
863,80,O,79,99.4599991,65.3199997
864,80,O,79,99.6200027,64.4599991
865,80,O,79,98.7200012,64.6200027
866,80,O,79,97.8099976,64.7699966
867,81,O,80,95.8700027,67.5400009
868,81,O,80,95.2799988,69.1800003
869,81,O,80,94.6900024,70.8099976
870,81,O,80,95.5100021,71.9899979
871,81,O,80,97.0500031,72.5999985
872,81,O,80,97.9300003,71.0400009
873,81,O,80,98.1399994,68.6299973
874,81,O,80,97,68.0800018
875,81,O,80,95.8700027,67.5400009
876,82,O,81,98.1399994,68.6299973
877,82,O,81,97.9300003,71.0400009
878,82,O,81,97.0500031,72.5999985
879,82,O,81,98.9899979,72.7799988
880,82,O,81,103.4599991,73.0599976
881,82,O,81,103.3399963,71.9100037
882,82,O,81,103.2099991,70.7600021
883,82,O,81,102.2200012,70.6500015
884,82,O,81,102.1900024,69.6399994
885,82,O,81,98.1399994,68.6299973
886,83,O,82,99.2900009,66.1800003
887,83,O,82,98.7200012,67.4000015
888,83,O,82,98.1399994,68.6299973
889,83,O,82,102.1900024,69.6399994
890,83,O,82,102.2200012,70.6500015
891,83,O,82,103.2099991,70.7600021
892,83,O,82,103.3300018,68.6399994
893,83,O,82,103.4499969,66.5100021
894,83,O,82,103.1900024,65.9400024
895,83,O,82,102.9300003,65.3600006
896,83,O,82,101.1100006,65.7699966
897,83,O,82,99.2900009,66.1800003
898,84,O,83,102.9300003,65.3600006
899,84,O,83,103.1900024,65.9400024
900,84,O,83,103.4499969,66.5100021
901,84,O,83,104.8199997,66.1600037
902,84,O,83,106.1800003,65.8000031
903,84,O,83,107.8300018,64.75
904,84,O,83,109.4800034,63.7000008
905,84,O,83,108.4800034,63.1399994
906,84,O,83,107.4800034,62.5800018
907,84,O,83,106.2699966,62.8499985
908,84,O,83,104.4400024,62.4399986
909,84,O,83,103.4800034,63.9799995
910,84,O,83,103.1999969,64.6699982
911,84,O,83,102.9300003,65.3600006
912,85,O,84,103.4499969,66.5100021
913,85,O,84,103.3300018,68.6399994
914,85,O,84,103.2099991,70.7600021
915,85,O,84,104.9199982,70.8000031
916,85,O,84,106.6299973,70.8300018
917,85,O,84,106.9800034,69.3300018
918,85,O,84,107.3300018,67.8300018
919,85,O,84,106.7600021,66.8199997
920,85,O,84,106.1800003,65.8000031
921,85,O,84,104.8199997,66.1600037
922,85,O,84,103.4499969,66.5100021
923,86,O,85,103.2099991,70.7600021
924,86,O,85,103.3399963,71.9100037
925,86,O,85,103.4599991,73.0599976
926,86,O,85,106.4700012,73.2200012
927,86,O,85,109.4800034,73.3700027
928,86,O,85,108.8499985,72.1500015
929,86,O,85,107.4400024,72.0100021
930,86,O,85,106.6299973,70.8300018
931,86,O,85,104.9199982,70.8000031
932,86,O,85,103.2099991,70.7600021
933,87,O,86,107.3300018,67.8300018
934,87,O,86,106.9800034,69.3300018
935,87,O,86,106.6299973,70.8300018
936,87,O,86,107.4400024,72.0100021
937,87,O,86,108.8499985,72.1500015
938,87,O,86,109.4800034,73.3700027
939,87,O,86,110.2200012,72.0599976
940,87,O,86,110.9700012,70.7600021
941,87,O,86,110.2600021,68.8000031
942,87,O,86,109.5500031,66.8300018
943,87,O,86,108.4400024,67.3300018
944,87,O,86,107.3300018,67.8300018
945,88,O,87,109.4800034,63.7000008
946,88,O,87,107.8300018,64.75
947,88,O,87,106.1800003,65.8000031
948,88,O,87,106.7600021,66.8199997
949,88,O,87,107.3300018,67.8300018
950,88,O,87,108.4400024,67.3300018
951,88,O,87,109.5500031,66.8300018
952,88,O,87,110.5599976,65.8899994
953,88,O,87,110.4700012,64.8099976
954,88,O,87,109.9800034,64.2600021
955,88,O,87,109.4800034,63.7000008
956,89,O,88,109.5500031,66.8300018
957,89,O,88,110.2600021,68.8000031
958,89,O,88,110.9700012,70.7600021
959,89,O,88,111.8000031,70.7200012
960,89,O,88,112.6299973,70.6900024
961,89,O,88,114.4599991,69.5
962,89,O,88,116.3000031,68.3099976
963,89,O,88,115.7200012,66.9000015
964,89,O,88,115.1399994,65.5
965,89,O,88,112.8000031,65.1600037
966,89,O,88,110.4700012,64.8099976
967,89,O,88,110.5599976,65.8899994
968,89,O,88,109.5500031,66.8300018
969,90,O,89,110.9700012,70.7600021
970,90,O,89,110.2200012,72.0599976
971,90,O,89,109.4800034,73.3700027
972,90,O,89,111.9899979,74.0899963
973,90,O,89,114.0199966,72.6500015
974,90,O,89,113.3199997,71.6699982
975,90,O,89,112.6299973,70.6900024
976,90,O,89,111.8000031,70.7200012
977,90,O,89,110.9700012,70.7600021
978,91,O,90,116.3000031,68.3099976
979,91,O,90,114.4599991,69.5
980,91,O,90,112.6299973,70.6900024
981,91,O,90,113.3199997,71.6699982
982,91,O,90,114.0199966,72.6500015
983,91,O,90,115.8700027,73.2799988
984,91,O,90,117.4000015,72.1800003
985,91,O,90,116.8499985,70.2399979
986,91,O,90,116.3000031,68.3099976
987,92,O,91,116.3000031,68.3099976
988,92,O,91,116.8499985,70.2399979
989,92,O,91,117.4000015,72.1800003
990,92,O,91,119.6600037,71.7900009
991,92,O,91,122.25,73.4100037
992,92,O,91,122.0400009,71.9599991
993,92,O,91,121.8300018,70.5199966
994,92,O,91,121.6800003,69.3799973
995,92,O,91,121.5400009,68.2399979
996,92,O,91,121.3600006,67.6800003
997,92,O,91,121.1699982,67.1100006
998,92,O,91,118.7399979,67.7099991
999,92,O,91,116.3000031,68.3099976
1000,93,O,92,115.1399994,65.5
1001,93,O,92,115.7200012,66.9000015
1002,93,O,92,116.3000031,68.3099976
1003,93,O,92,118.7399979,67.7099991
1004,93,O,92,121.1699982,67.1100006
1005,93,O,92,120.8000031,66.3600006
1006,93,O,92,120.4400024,65.6200027
1007,93,O,92,119.7799988,65.6399994
1008,93,O,92,119.1200027,65.6600037
1009,93,O,92,117.1299973,65.5800018
1010,93,O,92,115.1399994,65.5
1011,94,O,93,147.4499969,52.2799988
1012,94,O,93,146.9100037,51.5
1013,94,O,93,147.0700073,50.4500008
1014,94,O,93,145.5200043,49.9799995
1015,94,O,93,143.9700012,49.5099983
1016,94,O,93,142.4799957,51.1399994
1017,94,O,93,141,52.7700005
1018,94,O,93,141.9600067,53.5999985
1019,94,O,93,144.5200043,54.5999985
1020,94,O,93,144.7599945,53.4300003
1021,94,O,93,147.4499969,52.2799988
1022,95,O,94,144.5200043,54.5999985
1023,95,O,94,146.1100006,55.1300011
1024,95,O,94,147.6999969,55.6599998
1025,95,O,94,148.5800018,55.7200012
1026,95,O,94,149.4700012,55.7799988
1027,95,O,94,149.8800049,55.5299988
1028,95,O,94,150.3000031,55.2799988
1029,95,O,94,149.8300018,51.7200012
1030,95,O,94,147.4499969,52.2799988
1031,95,O,94,144.7599945,53.4300003
1032,95,O,94,144.5200043,54.5999985
1033,96,O,95,150.3000031,55.2799988
1034,96,O,95,149.8800049,55.5299988
1035,96,O,95,149.4700012,55.7799988
1036,96,O,95,148.3200073,57.0200005
1037,96,O,95,147.1799927,58.2599983
1038,96,O,95,147.6600037,58.7200012
1039,96,O,95,148.1300049,59.1800003
1040,96,O,95,150.8399963,58.1500015
1041,96,O,95,150.3000031,55.2799988
1042,97,O,96,148.1300049,59.1800003
1043,97,O,96,147.6600037,58.7200012
1044,97,O,96,147.1799927,58.2599983
1045,97,O,96,146.3800049,59.0099983
1046,97,O,96,145.5700073,58.6399994
1047,97,O,96,144.8300018,58.5600014
1048,97,O,96,144.0899963,58.4900017
1049,97,O,96,143.9299927,59.2599983
1050,97,O,96,143.7700043,60.0299988
1051,97,O,96,145.6100006,60.7400017
1052,97,O,96,148.1300049,59.1800003
1053,98,O,97,147.6999969,55.6599998
1054,98,O,97,146.1100006,55.1300011
1055,98,O,97,144.5200043,54.5999985
1056,98,O,97,143.5899963,55.9799995
1057,98,O,97,142.6600037,57.3699989
1058,98,O,97,143.5099945,57.9300003
1059,98,O,97,144.0899963,58.4900017
1060,98,O,97,144.8300018,58.5600014
1061,98,O,97,145.5700073,58.6399994
1062,98,O,97,146.6399994,57.1500015
1063,98,O,97,147.6999969,55.6599998
1064,99,O,98,141,52.7700005
1065,99,O,98,140.0700073,53.4599991
1066,99,O,98,139.1399994,54.1599998
1067,99,O,98,138.6799927,54.8100014
1068,99,O,98,138.2299957,55.4599991
1069,99,O,98,139,55.9000015
1070,99,O,98,139.7700043,56.3499985
1071,99,O,98,141.2200012,56.8600006
1072,99,O,98,142.6600037,57.3699989
1073,99,O,98,143.5899963,55.9799995
1074,99,O,98,144.5200043,54.5999985
1075,99,O,98,141.9600067,53.5999985
1076,99,O,98,141,52.7700005
1077,100,O,99,143.9700012,49.5099983
1078,100,O,99,142.4499969,49.3600006
1079,100,O,99,140.9299927,49.2000008
1080,100,O,99,140.0200043,51.1199989
1081,100,O,99,141,52.7700005
1082,100,O,99,142.4799957,51.1399994
1083,100,O,99,143.9700012,49.5099983
1084,101,O,100,139.1399994,54.1599998
1085,101,O,100,140.0700073,53.4599991
1086,101,O,100,141,52.7700005
1087,101,O,100,140.0200043,51.1199989
1088,101,O,100,140.9299927,49.2000008
1089,101,O,100,138.8600006,49.1599998
1090,101,O,100,136.9400024,49.5299988
1091,101,O,100,136.1300049,50.6399994
1092,101,O,100,136.0599976,51.6500015
1093,101,O,100,136,52.6599998
1094,101,O,100,137.5700073,53.4099998
1095,101,O,100,139.1399994,54.1599998
1096,102,O,101,138.2299957,55.4599991
1097,102,O,101,138.6799927,54.8100014
1098,102,O,101,139.1399994,54.1599998
1099,102,O,101,137.5700073,53.4099998
1100,102,O,101,136,52.6599998
1101,102,O,101,135.9600067,53.1699982
1102,102,O,101,135.9100037,53.6800003
1103,102,O,101,135.4400024,54.2599983
1104,102,O,101,134.9700012,54.8300018
1105,102,O,101,136.6000061,55.1399994
1106,102,O,101,138.2299957,55.4599991
1107,103,O,102,139.7700043,56.3499985
1108,103,O,102,139,55.9000015
1109,103,O,102,138.2299957,55.4599991
1110,103,O,102,136.6000061,55.1399994
1111,103,O,102,134.9700012,54.8300018
1112,103,O,102,133.8200073,56.2400017
1113,103,O,102,132.6699982,57.6500015
1114,103,O,102,135.5500031,59.1100006
1115,103,O,102,137.3399963,60.7799988
1116,103,O,102,139.5500031,58.2400017
1117,103,O,102,139.7700043,56.3499985
1118,104,O,103,143.7700043,60.0299988
1119,104,O,103,143.9299927,59.2599983
1120,104,O,103,144.0899963,58.4900017
1121,104,O,103,143.5099945,57.9300003
1122,104,O,103,142.6600037,57.3699989
1123,104,O,103,141.2200012,56.8600006
1124,104,O,103,139.7700043,56.3499985
1125,104,O,103,139.5500031,58.2400017
1126,104,O,103,137.3399963,60.7799988
1127,104,O,103,138.9700012,61.5999985
1128,104,O,103,140.4199982,63.1599998
1129,104,O,103,142.1600037,62.3100014
1130,104,O,103,143.7700043,60.0299988
1131,105,O,104,140.4199982,63.1599998
1132,105,O,104,138.9700012,61.5999985
1133,105,O,104,137.3399963,60.7799988
1134,105,O,104,137,61.0400009
1135,105,O,104,136.6699982,61.2900009
1136,105,O,104,137.0899963,63.2200012
1137,105,O,104,138.7200012,64.1299973
1138,105,O,104,139.4400024,63.4000015
1139,105,O,104,140.4199982,63.1599998
1140,106,O,105,137.3399963,60.7799988
1141,106,O,105,135.5500031,59.1100006
1142,106,O,105,132.6699982,57.6500015
1143,106,O,105,131.7200012,58.9000015
1144,106,O,105,130.7799988,60.1500015
1145,106,O,105,131.9799957,61.4300003
1146,106,O,105,133.1900024,62.7099991
1147,106,O,105,134.5099945,61.9300003
1148,106,O,105,136.6699982,61.2900009
1149,106,O,105,137,61.0400009
1150,106,O,105,137.3399963,60.7799988
1151,107,O,106,138.7200012,64.1299973
1152,107,O,106,137.0899963,63.2200012
1153,107,O,106,136.6699982,61.2900009
1154,107,O,106,134.5099945,61.9300003
1155,107,O,106,133.1900024,62.7099991
1156,107,O,106,133.7200012,64.2399979
1157,107,O,106,134.2599945,65.7600021
1158,107,O,106,137.0800018,65.3799973
1159,107,O,106,138.7200012,64.1299973
1160,108,O,107,134.2599945,65.7600021
1161,108,O,107,133.7200012,64.2399979
1162,108,O,107,133.1900024,62.7099991
1163,108,O,107,132.0599976,63.7000008
1164,108,O,107,130.9199982,64.6900024
1165,108,O,107,131.7599945,65.8000031
1166,108,O,107,132.5899963,66.9199982
1167,108,O,107,133.5800018,66.8399963
1168,108,O,107,134.2599945,65.7600021
1169,109,O,108,133.1900024,62.7099991
1170,109,O,108,131.9799957,61.4300003
1171,109,O,108,130.7799988,60.1500015
1172,109,O,108,129.1600037,62.0900002
1173,109,O,108,127.6600037,63.4000015
1174,109,O,108,129.2400055,64.2900009
1175,109,O,108,130.1199951,63.9099998
1176,109,O,108,130.9199982,64.6900024
1177,109,O,108,132.0599976,63.7000008
1178,109,O,108,133.1900024,62.7099991
1179,110,O,109,132.5899963,66.9199982
1180,110,O,109,131.7599945,65.8000031
1181,110,O,109,130.9199982,64.6900024
1182,110,O,109,130.1199951,63.9099998
1183,110,O,109,129.2400055,64.2900009
1184,110,O,109,127.6600037,63.4000015
1185,110,O,109,127.3399963,63.6699982
1186,110,O,109,127.0299988,63.9399986
1187,110,O,109,127.1900024,65.2600021
1188,110,O,109,127.3499985,66.5899963
1189,110,O,109,128.2100067,68.1500015
1190,110,O,109,129.9499969,70.0100021
1191,110,O,109,131.6600037,68.6500015
1192,110,O,109,132.5899963,66.9199982
1193,111,O,110,127.3499985,66.5899963
1194,111,O,110,127.1900024,65.2600021
1195,111,O,110,127.0299988,63.9399986
1196,111,O,110,125.7300034,64.3199997
1197,111,O,110,124.4300003,64.7099991
1198,111,O,110,124.3499985,66.1800003
1199,111,O,110,123.5500031,67.6200027
1200,111,O,110,124.3399963,68.6800003
1201,111,O,110,125.1399994,69.75
1202,111,O,110,126.2399979,68.1699982
1203,111,O,110,127.3499985,66.5899963
1204,112,O,111,129.9499969,70.0100021
1205,112,O,111,128.2100067,68.1500015
1206,112,O,111,127.3499985,66.5899963
1207,112,O,111,126.2399979,68.1699982
1208,112,O,111,125.1399994,69.75
1209,112,O,111,126.3000031,70.9800034
1210,112,O,111,127.4499969,72.1999969
1211,112,O,111,128.6999969,71.0999985
1212,112,O,111,129.9499969,70.0100021
1213,113,O,112,121.5400009,68.2399979
1214,113,O,112,121.6800003,69.3799973
1215,113,O,112,121.8300018,70.5199966
1216,113,O,112,123.4800034,70.1399994
1217,113,O,112,125.1399994,69.75
1218,113,O,112,124.3399963,68.6800003
1219,113,O,112,123.5500031,67.6200027
1220,113,O,112,122.5400009,67.9300003
1221,113,O,112,121.5400009,68.2399979
1222,114,O,113,121.1699982,67.1100006
1223,114,O,113,121.3600006,67.6800003
1224,114,O,113,121.5400009,68.2399979
1225,114,O,113,122.5400009,67.9300003
1226,114,O,113,123.5500031,67.6200027
1227,114,O,113,124.3499985,66.1800003
1228,114,O,113,124.4300003,64.7099991
1229,114,O,113,122.4400024,65.1600037
1230,114,O,113,120.4400024,65.6200027
1231,114,O,113,120.8000031,66.3600006
1232,114,O,113,121.1699982,67.1100006
1233,115,O,114,121.8300018,70.5199966
1234,115,O,114,122.0400009,71.9599991
1235,115,O,114,122.25,73.4100037
1236,115,O,114,123.5899963,73.3199997
1237,115,O,114,123.9300003,74.2600021
1238,115,O,114,124.9100037,74.2399979
1239,115,O,114,125.8899994,74.2099991
1240,115,O,114,126.6399994,74.1900024
1241,115,O,114,127.4000015,74.1699982
1242,115,O,114,127.4199982,73.1800003
1243,115,O,114,127.4499969,72.1999969
1244,115,O,114,126.3000031,70.9800034
1245,115,O,114,125.1399994,69.75
1246,115,O,114,123.4800034,70.1399994
1247,115,O,114,121.8300018,70.5199966
1248,116,O,115,169.7400055,25.9200001
1249,116,O,115,168.3399963,25.8099995
1250,116,O,115,166.9400024,25.7000008
1251,116,O,115,166.3099976,27.4500008
1252,116,O,115,164.7299957,28.6599998
1253,116,O,115,165.8200073,29.9799995
1254,116,O,115,166.9199982,31.2999992
1255,116,O,115,170.0399933,29.3999996
1256,116,O,115,171.4100037,27.8199997
1257,116,O,115,172.0599976,26.3799992
1258,116,O,115,170.8999939,26.1499996
1259,116,O,115,169.7400055,25.9200001
1260,117,O,116,166.9400024,25.7000008
1261,117,O,116,165.2799988,25.8099995
1262,117,O,116,163.6199951,25.9200001
1263,117,O,116,163.1699982,26.4899998
1264,117,O,116,162.7200012,27.0599995
1265,117,O,116,163.7200012,27.8600006
1266,117,O,116,164.7299957,28.6599998
1267,117,O,116,166.3099976,27.4500008
1268,117,O,116,166.9400024,25.7000008
1269,118,O,117,164.7299957,28.6599998
1270,118,O,117,163.7200012,27.8600006
1271,118,O,117,162.7200012,27.0599995
1272,118,O,117,161.0800018,28.7800007
1273,118,O,117,159.4499969,30.4899998
1274,118,O,117,160.7799988,31.5200005
1275,118,O,117,162.1100006,32.5400009
1276,118,O,117,162.7100067,30.1900005
1277,118,O,117,164.7299957,28.6599998
1278,119,O,118,164.7299957,28.6599998
1279,119,O,118,162.7100067,30.1900005
1280,119,O,118,162.1100006,32.5400009
1281,119,O,118,162.9299927,33.9500008
1282,119,O,118,163.75,35.3600006
1283,119,O,118,164.4900055,36.3499985
1284,119,O,118,166.4199982,35.0200005
1285,119,O,118,165.5099945,33.7900009
1286,119,O,118,165.8899994,32.0200005
1287,119,O,118,166.9199982,31.2999992
1288,119,O,118,165.8200073,29.9799995
1289,119,O,118,164.7299957,28.6599998
1290,120,O,119,162.1100006,32.5400009
1291,120,O,119,160.7799988,31.5200005
1292,120,O,119,159.4499969,30.4899998
1293,120,O,119,158.0800018,30.8600006
1294,120,O,119,156.7200012,31.2199993
1295,120,O,119,156.5700073,31.8799992
1296,120,O,119,156.4199982,32.5499992
1297,120,O,119,157.0599976,34.2999992
1298,120,O,119,157.6900024,36.0400009
1299,120,O,119,160.8399963,34.1699982
1300,120,O,119,161.0099945,33.1599998
1301,120,O,119,162.1100006,32.5400009
1302,121,O,120,163.75,35.3600006
1303,121,O,120,162.9299927,33.9500008
1304,121,O,120,162.1100006,32.5400009
1305,121,O,120,161.0099945,33.1599998
1306,121,O,120,160.8399963,34.1699982
1307,121,O,120,157.6900024,36.0400009
1308,121,O,120,159.1000061,37.0999985
1309,121,O,120,160.5,38.1599998
1310,121,O,120,162.1199951,36.7599983
1311,121,O,120,163.75,35.3600006
1312,122,O,121,157.6900024,36.0400009
1313,122,O,121,157.0599976,34.2999992
1314,122,O,121,156.4199982,32.5499992
1315,122,O,121,155.2799988,32.1599998
1316,122,O,121,154.1399994,31.7700005
1317,122,O,121,153.5,33.1699982
1318,122,O,121,152.8500061,34.5699997
1319,122,O,121,152.6600037,36.8300018
1320,122,O,121,153.6600037,37.6500015
1321,122,O,121,155.6799927,36.8400002
1322,122,O,121,157.6900024,36.0400009
1323,123,O,122,160.5,38.1599998
1324,123,O,122,159.1000061,37.0999985
1325,123,O,122,157.6900024,36.0400009
1326,123,O,122,155.6799927,36.8400002
1327,123,O,122,153.6600037,37.6500015
1328,123,O,122,154.9199982,39.0999985
1329,123,O,122,156.1900024,40.5600014
1330,123,O,122,158.3999939,39.2599983
1331,123,O,122,160.5,38.1599998
1332,124,O,123,156.1900024,40.5600014
1333,124,O,123,154.9199982,39.0999985
1334,124,O,123,153.6600037,37.6500015
1335,124,O,123,151.8899994,38.4399986
1336,124,O,123,151.2700043,39.8600006
1337,124,O,123,152.8000031,41.0900002
1338,124,O,123,154.3399963,42.3199997
1339,124,O,123,155.2599945,41.4399986
1340,124,O,123,156.1900024,40.5600014
1341,125,O,124,153.6600037,37.6500015
1342,125,O,124,152.6600037,36.8300018
1343,125,O,124,152.8500061,34.5699997
1344,125,O,124,150.9400024,34.0900002
1345,125,O,124,149.0299988,33.6100006
1346,125,O,124,147.9600067,33.8800011
1347,125,O,124,146.8999939,34.1500015
1348,125,O,124,147.7100067,35.5499992
1349,125,O,124,147.1600037,37.5200005
1350,125,O,124,147.9799957,38.1100006
1351,125,O,124,148.8099976,38.7000008
1352,125,O,124,150.0399933,39.2799988
1353,125,O,124,151.2700043,39.8600006
1354,125,O,124,151.8899994,38.4399986
1355,125,O,124,153.6600037,37.6500015
1356,126,O,125,152.8500061,34.5699997
1357,126,O,125,153.5,33.1699982
1358,126,O,125,154.1399994,31.7700005
1359,126,O,125,153.8600006,30.4799995
1360,126,O,125,153.5899963,29.1900005
1361,126,O,125,152.1900024,28.9200001
1362,126,O,125,150.7899933,28.6499996
1363,126,O,125,149.5399933,31.7999992
1364,126,O,125,149.0299988,33.6100006
1365,126,O,125,150.9400024,34.0900002
1366,126,O,125,152.8500061,34.5699997
1367,127,O,126,146.8999939,34.1500015
1368,127,O,126,147.9600067,33.8800011
1369,127,O,126,149.0299988,33.6100006
1370,127,O,126,148.3800049,32.2700005
1371,127,O,126,146.3899994,31.3999996
1372,127,O,126,145.7200012,31.8999996
1373,127,O,126,145.5,32.5800018
1374,127,O,126,145.2899933,33.2700005
1375,127,O,126,146.1000061,33.7099991
1376,127,O,126,146.8999939,34.1500015
1377,128,O,127,147.1600037,37.5200005
1378,128,O,127,147.7100067,35.5499992
1379,128,O,127,146.8999939,34.1500015
1380,128,O,127,146.1000061,33.7099991
1381,128,O,127,145.2899933,33.2700005
1382,128,O,127,144.3000031,33.4000015
1383,128,O,127,143.3200073,33.5299988
1384,128,O,127,143.6799927,35.8199997
1385,128,O,127,142,36.4199982
1386,128,O,127,142.3000031,37.2799988
1387,128,O,127,142.6000061,38.1399994
1388,128,O,127,142.9700012,38.7999992
1389,128,O,127,143.3399963,39.4599991
1390,128,O,127,144.6199951,36.4000015
1391,128,O,127,145.8699951,38.2700005
1392,128,O,127,146.5200043,37.9000015
1393,128,O,127,147.1600037,37.5200005
1394,129,O,128,138.1900024,38.6100006
1395,129,O,128,140.1000061,37.5200005
1396,129,O,128,142,36.4199982
1397,129,O,128,141.7400055,35.2299995
1398,129,O,128,141.4900055,34.0400009
1399,129,O,128,140.2100067,34.6599998
1400,129,O,128,138.9299927,35.2799988
1401,129,O,128,138.5599976,36.9399986
1402,129,O,128,138.1900024,38.6100006
1403,130,O,129,142.6000061,38.1399994
1404,130,O,129,142.3000031,37.2799988
1405,130,O,129,142,36.4199982
1406,130,O,129,140.1000061,37.5200005
1407,130,O,129,138.1900024,38.6100006
1408,130,O,129,138.6000061,39.6199989
1409,130,O,129,139.0099945,40.6300011
1410,130,O,129,140.8000031,39.3800011
1411,130,O,129,142.6000061,38.1399994
1412,131,O,130,143.3399963,39.4599991
1413,131,O,130,142.9700012,38.7999992
1414,131,O,130,142.6000061,38.1399994
1415,131,O,130,140.8000031,39.3800011
1416,131,O,130,139.0099945,40.6300011
1417,131,O,130,139.1399994,40.9199982
1418,131,O,130,139.2799988,41.2000008
1419,131,O,130,142.0099945,40.5900002
1420,131,O,130,144.7400055,39.9799995
1421,131,O,130,144.0399933,39.7200012
1422,131,O,130,143.3399963,39.4599991
1423,132,O,131,148.8099976,38.7000008
1424,132,O,131,147.9799957,38.1100006
1425,132,O,131,147.1600037,37.5200005
1426,132,O,131,146.5200043,37.9000015
1427,132,O,131,145.8699951,38.2700005
1428,132,O,131,145.3000031,39.1199989
1429,132,O,131,144.7400055,39.9799995
1430,132,O,131,145.7299957,40.7400017
1431,132,O,131,146.7200012,41.5099983
1432,132,O,131,147.7599945,40.0999985
1433,132,O,131,148.8099976,38.7000008
1434,133,O,132,151.2700043,39.8600006
1435,133,O,132,150.0399933,39.2799988
1436,133,O,132,148.8099976,38.7000008
1437,133,O,132,147.7599945,40.0999985
1438,133,O,132,146.7200012,41.5099983
1439,133,O,132,148.1499939,42.1300011
1440,133,O,132,149.5800018,42.75
1441,133,O,132,150.4199982,41.2999992
1442,133,O,132,151.2700043,39.8600006
1443,134,O,133,154.3399963,42.3199997
1444,134,O,133,152.8000031,41.0900002
1445,134,O,133,151.2700043,39.8600006
1446,134,O,133,150.4199982,41.2999992
1447,134,O,133,149.5800018,42.75
1448,134,O,133,150.8399963,43.9900017
1449,134,O,133,152.2100067,45.1500015
1450,134,O,133,153.2799988,43.7400017
1451,134,O,133,154.3399963,42.3199997
1452,135,O,134,152.2100067,45.1500015
1453,135,O,134,150.8399963,43.9900017
1454,135,O,134,149.5800018,42.75
1455,135,O,134,148.3399963,44.1899986
1456,135,O,134,145.7799988,46.1399994
1457,135,O,134,147.0200043,47.3800011
1458,135,O,134,148.2700043,48.6300011
1459,135,O,134,150.2400055,46.8899994
1460,135,O,134,152.2100067,45.1500015
1461,136,O,135,149.5800018,42.75
1462,136,O,135,148.1499939,42.1300011
1463,136,O,135,146.7200012,41.5099983
1464,136,O,135,144.9199982,43.6599998
1465,136,O,135,143.1199951,45.8100014
1466,136,O,135,144.0500031,45.8199997
1467,136,O,135,144.9799957,45.8400002
1468,136,O,135,145.3800049,45.9900017
1469,136,O,135,145.7799988,46.1399994
1470,136,O,135,148.3399963,44.1899986
1471,136,O,135,149.5800018,42.75
1472,137,O,136,144.7400055,39.9799995
1473,137,O,136,142.0099945,40.5900002
1474,137,O,136,139.2799988,41.2000008
1475,137,O,136,139.6999969,42.0999985
1476,137,O,136,140.1300049,43.0099983
1477,137,O,136,141.6199951,44.4099998
1478,137,O,136,143.1199951,45.8100014
1479,137,O,136,144.9199982,43.6599998
1480,137,O,136,146.7200012,41.5099983
1481,137,O,136,145.7299957,40.7400017
1482,137,O,136,144.7400055,39.9799995
1483,138,O,137,139.0099945,40.6300011
1484,138,O,137,138.6000061,39.6199989
1485,138,O,137,138.1900024,38.6100006
1486,138,O,137,137.5800018,38.5
1487,138,O,137,136.9799957,38.3800011
1488,138,O,137,135.2100067,39.2200012
1489,138,O,137,133.7799988,40.1100006
1490,138,O,137,134.0599976,41.0200005
1491,138,O,137,134.3300018,41.9300003
1492,138,O,137,136.6699982,41.2799988
1493,138,O,137,139.0099945,40.6300011
1494,139,O,138,139.2799988,41.2000008
1495,139,O,138,139.1399994,40.9199982
1496,139,O,138,139.0099945,40.6300011
1497,139,O,138,136.6699982,41.2799988
1498,139,O,138,134.3300018,41.9300003
1499,139,O,138,132.7599945,42.4199982
1500,139,O,138,131.1799927,42.9099998
1501,139,O,138,132.1900024,44.2200012
1502,139,O,138,133.1999969,45.5400009
1503,139,O,138,134.8200073,44.3600006
1504,139,O,138,136.5399933,44.3800011
1505,139,O,138,137.8500061,45.0600014
1506,139,O,138,138.1900024,44
1507,139,O,138,139.1900024,43.75
1508,139,O,138,140.1300049,43.0099983
1509,139,O,138,139.6999969,42.0999985
1510,139,O,138,139.2799988,41.2000008
1511,140,O,139,143.1199951,45.8100014
1512,140,O,139,141.6199951,44.4099998
1513,140,O,139,140.1300049,43.0099983
1514,140,O,139,139.1900024,43.75
1515,140,O,139,138.1900024,44
1516,140,O,139,137.8500061,45.0600014
1517,140,O,139,136.5399933,44.3800011
1518,140,O,139,136.8800049,45.2400017
1519,140,O,139,137.2200012,46.0900002
1520,140,O,139,138.9499969,46.3100014
1521,140,O,139,140.9900055,47.4700012
1522,140,O,139,142.0599976,46.6399994
1523,140,O,139,143.1199951,45.8100014
1524,141,O,140,144.9799957,45.8400002
1525,141,O,140,144.0500031,45.8199997
1526,141,O,140,143.1199951,45.8100014
1527,141,O,140,142.0599976,46.6399994
1528,141,O,140,140.9900055,47.4700012
1529,141,O,140,140.9600067,48.3400002
1530,141,O,140,140.9299927,49.2000008
1531,141,O,140,143.2200012,48.6399994
1532,141,O,140,144.3000031,47.5600014
1533,141,O,140,144.9799957,45.8400002
1534,142,O,141,147.0700073,50.4500008
1535,142,O,141,147.6699982,49.5400009
1536,142,O,141,148.2700043,48.6300011
1537,142,O,141,147.0200043,47.3800011
1538,142,O,141,145.7799988,46.1399994
1539,142,O,141,145.3800049,45.9900017
1540,142,O,141,144.9799957,45.8400002
1541,142,O,141,144.3000031,47.5600014
1542,142,O,141,143.2200012,48.6399994
1543,142,O,141,140.9299927,49.2000008
1544,142,O,141,142.4499969,49.3600006
1545,142,O,141,143.9700012,49.5099983
1546,142,O,141,145.5200043,49.9799995
1547,142,O,141,147.0700073,50.4500008
1548,143,O,142,136.1300049,50.6399994
1549,143,O,142,136.9400024,49.5299988
1550,143,O,142,138.8600006,49.1599998
1551,143,O,142,140.9299927,49.2000008
1552,143,O,142,140.9600067,48.3400002
1553,143,O,142,140.9900055,47.4700012
1554,143,O,142,138.9499969,46.3100014
1555,143,O,142,137.2200012,46.0900002
1556,143,O,142,135.8000031,47.3699989
1557,143,O,142,134.3899994,48.6500015
1558,143,O,142,135.2599945,49.6399994
1559,143,O,142,136.1300049,50.6399994
1560,144,O,143,136.5399933,44.3800011
1561,144,O,143,134.8200073,44.3600006
1562,144,O,143,133.1999969,45.5400009
1563,144,O,143,133.1799927,46.5699997
1564,144,O,143,133.1600037,47.5999985
1565,144,O,143,133.7799988,48.1199989
1566,144,O,143,134.3899994,48.6500015
1567,144,O,143,135.8000031,47.3699989
1568,144,O,143,137.2200012,46.0900002
1569,144,O,143,136.8800049,45.2400017
1570,144,O,143,136.5399933,44.3800011
1571,145,O,144,159.4600067,16.9899998
1572,145,O,144,158.1600037,17.4400005
1573,145,O,144,156.8600006,17.8999996
1574,145,O,144,156.5299988,20.4400005
1575,145,O,144,156.1999969,22.9799995
1576,145,O,144,158.1199951,22.8600006
1577,145,O,144,160.0399933,22.7299995
1578,145,O,144,159.75,19.8600006
1579,145,O,144,159.4600067,16.9899998
1580,146,O,145,160.0399933,22.7299995
1581,146,O,145,160.7599945,22.9799995
1582,146,O,145,161.4799957,23.2399998
1583,146,O,145,163.5399933,21.8799992
1584,146,O,145,164.8800049,22.0799999
1585,146,O,145,164.3600006,20.7199993
1586,146,O,145,163.8300018,19.3600006
1587,146,O,145,163.4600067,17.6200008
1588,146,O,145,163.1000061,15.8900003
1589,146,O,145,161.2799988,16.4400005
1590,146,O,145,159.4600067,16.9899998
1591,146,O,145,159.75,19.8600006
1592,146,O,145,160.0399933,22.7299995
1593,147,O,146,164.8800049,22.0799999
1594,147,O,146,163.5399933,21.8799992
1595,147,O,146,161.4799957,23.2399998
1596,147,O,146,161.3500061,23.8999996
1597,147,O,146,161.2200012,24.5699997
1598,147,O,146,162.4199982,25.2399998
1599,147,O,146,163.6199951,25.9200001
1600,147,O,146,164.25,24
1601,147,O,146,164.8800049,22.0799999
1602,148,O,147,156.1999969,22.9799995
1603,148,O,147,156.6999969,25.8600006
1604,148,O,147,157.2100067,28.75
1605,148,O,147,158.4799957,28.6200008
1606,148,O,147,159.75,28.4799995
1607,148,O,147,160.0099945,26.75
1608,148,O,147,161.2200012,24.5699997
1609,148,O,147,161.3500061,23.8999996
1610,148,O,147,161.4799957,23.2399998
1611,148,O,147,160.7599945,22.9799995
1612,148,O,147,160.0399933,22.7299995
1613,148,O,147,158.1199951,22.8600006
1614,148,O,147,156.1999969,22.9799995
1615,149,O,148,150.7899933,28.6499996
1616,149,O,148,152.1900024,28.9200001
1617,149,O,148,153.5899963,29.1900005
1618,149,O,148,154.1399994,29.1000004
1619,149,O,148,154.6999969,29.0100002
1620,149,O,148,155.9600067,28.8799992
1621,149,O,148,157.2100067,28.75
1622,149,O,148,156.6999969,25.8600006
1623,149,O,148,156.1999969,22.9799995
1624,149,O,148,155.5599976,23.2099991
1625,149,O,148,154.9199982,23.4400005
1626,149,O,148,154.1100006,23.7900009
1627,149,O,148,154.2700043,24.5100002
1628,149,O,148,152.4600067,25.7999992
1629,149,O,148,150.7899933,28.6499996
1630,150,O,149,156.7200012,31.2199993
1631,150,O,149,158.0800018,30.8600006
1632,150,O,149,159.4499969,30.4899998
1633,150,O,149,159.6000061,29.4799995
1634,150,O,149,159.75,28.4799995
1635,150,O,149,158.4799957,28.6200008
1636,150,O,149,157.2100067,28.75
1637,150,O,149,155.9600067,28.8799992
1638,150,O,149,154.6999969,29.0100002
1639,150,O,149,155.7100067,30.1200008
1640,150,O,149,156.7200012,31.2199993
1641,151,O,150,162.7200012,27.0599995
1642,151,O,150,163.1699982,26.4899998
1643,151,O,150,163.6199951,25.9200001
1644,151,O,150,162.4199982,25.2399998
1645,151,O,150,161.2200012,24.5699997
1646,151,O,150,160.0099945,26.75
1647,151,O,150,159.75,28.4799995
1648,151,O,150,159.6000061,29.4799995
1649,151,O,150,159.4499969,30.4899998
1650,151,O,150,161.0800018,28.7800007
1651,151,O,150,162.7200012,27.0599995
1652,152,O,151,163.1000061,15.8900003
1653,152,O,151,163.4600067,17.6200008
1654,152,O,151,163.8300018,19.3600006
1655,152,O,151,164.8600006,19.5
1656,152,O,151,165.8999939,19.6499996
1657,152,O,151,166.5500031,18.8400002
1658,152,O,151,167.1999969,18.0200005
1659,152,O,151,165.1499939,16.9599991
1660,152,O,151,163.1000061,15.8900003
1661,153,O,152,167.1999969,18.0200005
1662,153,O,152,166.5500031,18.8400002
1663,153,O,152,165.8999939,19.6499996
1664,153,O,152,167,20.7999992
1665,153,O,152,168.1000061,21.9500008
1666,153,O,152,168.5800018,20.8799992
1667,153,O,152,169.0599976,19.7999992
1668,153,O,152,168.1300049,18.9099998
1669,153,O,152,167.1999969,18.0200005
1670,154,O,153,163.8300018,19.3600006
1671,154,O,153,164.3600006,20.7199993
1672,154,O,153,164.8800049,22.0799999
1673,154,O,153,165.9199982,22.6800003
1674,154,O,153,166.9499969,23.2900009
1675,154,O,153,167.5200043,22.6200008
1676,154,O,153,168.1000061,21.9500008
1677,154,O,153,167,20.7999992
1678,154,O,153,165.8999939,19.6499996
1679,154,O,153,164.8600006,19.5
1680,154,O,153,163.8300018,19.3600006
1681,155,O,154,163.6199951,25.9200001
1682,155,O,154,165.2799988,25.8099995
1683,155,O,154,166.9400024,25.7000008
1684,155,O,154,166.9400024,24.5
1685,155,O,154,166.9499969,23.2900009
1686,155,O,154,165.9199982,22.6800003
1687,155,O,154,164.8800049,22.0799999
1688,155,O,154,164.25,24
1689,155,O,154,163.6199951,25.9200001
1690,156,O,155,169.7400055,25.9200001
1691,156,O,155,170.2700043,24.8600006
1692,156,O,155,170.8000031,23.7900009
1693,156,O,155,170.6799927,23.2399998
1694,156,O,155,170.5500031,22.6900005
1695,156,O,155,168.8500061,22.7099991
1696,156,O,155,168.1000061,21.9500008
1697,156,O,155,167.5200043,22.6200008
1698,156,O,155,166.9499969,23.2900009
1699,156,O,155,166.9400024,24.5
1700,156,O,155,166.9400024,25.7000008
1701,156,O,155,168.3399963,25.8099995
1702,156,O,155,169.7400055,25.9200001
1703,157,O,156,169.0599976,19.7999992
1704,157,O,156,168.5800018,20.8799992
1705,157,O,156,168.1000061,21.9500008
1706,157,O,156,168.8500061,22.7099991
1707,157,O,156,170.5500031,22.6900005
1708,157,O,156,170.8399963,21.7399998
1709,157,O,156,171.1300049,20.7999992
1710,157,O,156,170.1000061,20.2999992
1711,157,O,156,169.0599976,19.7999992
1712,158,O,157,170.5500031,22.6900005
1713,158,O,157,170.6799927,23.2399998
1714,158,O,157,170.8000031,23.7900009
1715,158,O,157,171.6399994,23.8600006
1716,158,O,157,172.4900055,23.9200001
1717,158,O,157,172.1399994,21.2600002
1718,158,O,157,171.1300049,20.7999992
1719,158,O,157,170.8399963,21.7399998
1720,158,O,157,170.5500031,22.6900005
1721,159,O,158,172.0599976,26.3799992
1722,159,O,158,172.2799988,25.1499996
1723,159,O,158,172.4900055,23.9200001
1724,159,O,158,171.6399994,23.8600006
1725,159,O,158,170.8000031,23.7900009
1726,159,O,158,170.2700043,24.8600006
1727,159,O,158,169.7400055,25.9200001
1728,159,O,158,170.8999939,26.1499996
1729,159,O,158,172.0599976,26.3799992
1730,160,O,159,145.9499969,13.5900002
1731,160,O,159,145.0200043,14.54
1732,160,O,159,144.0899963,15.5
1733,160,O,159,147.3899994,14.6599998
1734,160,O,159,148.8399963,13.1700001
1735,160,O,159,148.5,12.46
1736,160,O,159,148.1600037,11.75
1737,160,O,159,147.0599976,12.6700001
1738,160,O,159,145.9499969,13.5900002
1739,161,O,160,144.0899963,15.5
1740,161,O,160,146.2299957,16.3600006
1741,161,O,160,148.3699951,17.2099991
1742,161,O,160,149.9700012,17.8600006
1743,161,O,160,151.5700073,18.5200005
1744,161,O,160,152.2100067,17.2800007
1745,161,O,160,152.8500061,16.0300007
1746,161,O,160,150.8999939,14.5699997
1747,161,O,160,149.5399933,14.5500002
1748,161,O,160,148.8399963,13.1700001
1749,161,O,160,147.3899994,14.6599998
1750,161,O,160,144.0899963,15.5
1751,162,O,161,156.8600006,17.8999996
1752,162,O,161,154.8099976,17.7299995
1753,162,O,161,152.8500061,16.0300007
1754,162,O,161,152.2100067,17.2800007
1755,162,O,161,151.5700073,18.5200005
1756,162,O,161,152.1100006,20.3899994
1757,162,O,161,152.6499939,22.2600002
1758,162,O,161,154.2899933,21.9699993
1759,162,O,161,154.9199982,23.4400005
1760,162,O,161,155.5599976,23.2099991
1761,162,O,161,156.1999969,22.9799995
1762,162,O,161,156.5299988,20.4400005
1763,162,O,161,156.8600006,17.8999996
1764,163,O,162,151.5700073,18.5200005
1765,163,O,162,149.9700012,17.8600006
1766,163,O,162,148.3699951,17.2099991
1767,163,O,162,148.3000031,19.2000008
1768,163,O,162,148.4499969,21.9099998
1769,163,O,162,147.2799988,22.25
1770,163,O,162,150.1999969,23.8700008
1771,163,O,162,152.6499939,22.2600002
1772,163,O,162,152.1100006,20.3899994
1773,163,O,162,151.5700073,18.5200005
1774,164,O,163,148.3699951,17.2099991
1775,164,O,163,146.2299957,16.3600006
1776,164,O,163,144.0899963,15.5
1777,164,O,163,143.5800018,18.2600002
1778,164,O,163,143.0700073,21.0100002
1779,164,O,163,146.6499939,22.4200001
1780,164,O,163,147.2799988,22.25
1781,164,O,163,148.4499969,21.9099998
1782,164,O,163,148.3000031,19.2000008
1783,164,O,163,148.3699951,17.2099991
1784,165,O,164,143.0700073,21.0100002
1785,165,O,164,143.5800018,18.2600002
1786,165,O,164,144.0899963,15.5
1787,165,O,164,141.1600037,15.3999996
1788,165,O,164,138.2299957,15.3000002
1789,165,O,164,138.2200012,16.3199997
1790,165,O,164,138.1999969,17.3400002
1791,165,O,164,138.1799927,18.5300007
1792,165,O,164,138.1499939,19.7199993
1793,165,O,164,140.6100006,20.3600006
1794,165,O,164,143.0700073,21.0100002
1795,166,O,165,143.0700073,21.0100002
1796,166,O,165,140.6100006,20.3600006
1797,166,O,165,138.1499939,19.7199993
1798,166,O,165,137.9400024,20.2399998
1799,166,O,165,137.7400055,20.7700005
1800,166,O,165,137.9700012,21.5799999
1801,166,O,165,138.1999969,22.3899994
1802,166,O,165,139.2400055,22.2099991
1803,166,O,165,141.1799927,23.6399994
1804,166,O,165,142.6199951,23.3299999
1805,166,O,165,142.8399963,22.1700001
1806,166,O,165,143.0700073,21.0100002
1807,167,O,166,147.2799988,22.25
1808,167,O,166,146.6499939,22.4200001
1809,167,O,166,143.0700073,21.0100002
1810,167,O,166,142.8399963,22.1700001
1811,167,O,166,142.6199951,23.3299999
1812,167,O,166,143.1199951,24.8999996
1813,167,O,166,141.6699982,24.9400005
1814,167,O,166,142.9799957,26.2099991
1815,167,O,166,145.3000031,26.4599991
1816,167,O,166,146.3500061,26.2099991
1817,167,O,166,148.2700043,28.2099991
1818,167,O,166,148.7100067,26.2299995
1819,167,O,166,149.5399933,25.7800007
1820,167,O,166,147.2799988,22.25
1821,168,O,167,148.2700043,28.2099991
1822,168,O,167,146.3500061,26.2099991
1823,168,O,167,145.3000031,26.4599991
1824,168,O,167,142.9799957,26.2099991
1825,168,O,167,142.25,26.4599991
1826,168,O,167,141.5200043,26.7199993
1827,168,O,167,143.1000061,28.3400002
1828,168,O,167,144.6799927,29.9500008
1829,168,O,167,146.8699951,29.2700005
1830,168,O,167,148.2700043,28.2099991
1831,169,O,168,132.6799927,7.5999999
1832,169,O,168,135.1600037,8
1833,169,O,168,137.6399994,8.4099998
1834,169,O,168,138.2799988,7.0599999
1835,169,O,168,138.9199982,5.7199998
1836,169,O,168,137.3899994,4.8499999
1837,169,O,168,135.4100037,4.9499998
1838,169,O,168,132.3600006,3.1099999
1839,169,O,168,132.5200043,5.3600001
1840,169,O,168,132.6799927,7.5999999
1841,170,O,169,137.6399994,8.4099998
1842,170,O,169,139.6799927,9.4200001
1843,170,O,169,141.7299957,10.4399996
1844,170,O,169,143.1600037,9.4399996
1845,170,O,169,144.6000061,8.4499998
1846,170,O,169,141.8000031,6.3400002
1847,170,O,169,138.9199982,5.7199998
1848,170,O,169,138.2799988,7.0599999
1849,170,O,169,137.6399994,8.4099998
1850,171,O,170,141.7299957,10.4399996
1851,171,O,170,139.6799927,9.4200001
1852,171,O,170,137.6399994,8.4099998
1853,171,O,170,137.1999969,9.3199997
1854,171,O,170,135.3999939,9.5100002
1855,171,O,170,136.4400024,11.21
1856,171,O,170,138.1100006,11.7399998
1857,171,O,170,139.7799988,12.2799997
1858,171,O,170,140.7599945,11.3599997
1859,171,O,170,141.7299957,10.4399996
1860,172,O,171,145.9499969,13.5900002
1861,172,O,171,143.8399963,12.0200005
1862,172,O,171,141.7299957,10.4399996
1863,172,O,171,140.7599945,11.3599997
1864,172,O,171,139.7799988,12.2799997
1865,172,O,171,139,13.79
1866,172,O,171,138.2299957,15.3000002
1867,172,O,171,141.1600037,15.3999996
1868,172,O,171,144.0899963,15.5
1869,172,O,171,145.0200043,14.54
1870,172,O,171,145.9499969,13.5900002
1871,173,O,172,148.1600037,11.75
1872,173,O,172,146.3800049,10.1000004
1873,173,O,172,144.6000061,8.4499998
1874,173,O,172,143.1600037,9.4399996
1875,173,O,172,141.7299957,10.4399996
1876,173,O,172,143.8399963,12.0200005
1877,173,O,172,145.9499969,13.5900002
1878,173,O,172,147.0599976,12.6700001
1879,173,O,172,148.1600037,11.75
1880,174,O,173,77.7699966,18.2299995
1881,174,O,173,77.3899994,16.0799999
1882,174,O,173,77.0100021,13.9300003
1883,174,O,173,73.5199966,13.9399996
1884,174,O,173,73.5100021,19.8700008
1885,174,O,173,74.2099991,19.5699997
1886,174,O,173,74.9100037,19.2700005
1887,174,O,173,76.3399963,18.75
1888,174,O,173,77.7699966,18.2299995
1889,175,O,174,77.7699966,18.2299995
1890,175,O,174,78.5,17.7700005
1891,175,O,174,79.2200012,17.3099995
1892,175,O,174,80.3799973,15.8100004
1893,175,O,174,81.5599976,15.1300001
1894,175,O,174,81.5699997,14.4899998
1895,175,O,174,79.8199997,13.6999998
1896,175,O,174,78.4199982,13.8199997
1897,175,O,174,77.0100021,13.9300003
1898,175,O,174,77.3899994,16.0799999
1899,175,O,174,77.7699966,18.2299995
1900,176,O,175,79.8199997,13.6999998
1901,176,O,175,81.5699997,14.4899998
1902,176,O,175,81.5599976,15.1300001
1903,176,O,175,82.6800003,15.0699997
1904,176,O,175,83.8000031,15.0100002
1905,176,O,175,84.9000015,14.2200003
1906,176,O,175,86,13.4200001
1907,176,O,175,84.7200012,11.96
1908,176,O,175,83.4499969,10.5
1909,176,O,175,80.7399979,11.6199999
1910,176,O,175,79.2799988,11.8500004
1911,176,O,175,79.5500031,12.7799997
1912,176,O,175,79.8199997,13.6999998
1913,177,O,176,79.2799988,11.8500004
1914,177,O,176,80.7399979,11.6199999
1915,177,O,176,83.4499969,10.5
1916,177,O,176,84.5599976,9.3599997
1917,177,O,176,85.6699982,8.2200003
1918,177,O,176,82.5400009,8.9300003
1919,177,O,176,78.6399994,10.9899998
1920,177,O,176,79.2799988,11.8500004
1921,178,O,177,83.4499969,10.5
1922,178,O,177,84.7200012,11.96
1923,178,O,177,86,13.4200001
1924,178,O,177,87.0800018,13.04
1925,178,O,177,88.1500015,12.6599998
1926,178,O,177,88.2099991,10.8100004
1927,178,O,177,90.1500015,10.5699997
1928,178,O,177,90.3000031,9
1929,178,O,177,90.4499969,7.4299998
1930,178,O,177,88.0599976,7.8200002
1931,178,O,177,85.6699982,8.2200003
1932,178,O,177,84.5599976,9.3599997
1933,178,O,177,83.4499969,10.5
1934,179,O,178,90.4499969,7.4299998
1935,179,O,178,90.3000031,9
1936,179,O,178,90.1500015,10.5699997
1937,179,O,178,92.5800018,10.6700001
1938,179,O,178,95,10.7700005
1939,179,O,178,94.9199982,10.4099998
1940,179,O,178,94.8499985,10.0500002
1941,179,O,178,94,8.7200003
1942,179,O,178,93.1600037,7.4000001
1943,179,O,178,91.8000031,7.4200001
1944,179,O,178,90.4499969,7.4299998
1945,180,O,179,93.1600037,7.4000001
1946,180,O,179,94,8.7200003
1947,180,O,179,94.8499985,10.0500002
1948,180,O,179,96.3600006,9.5699997
1949,180,O,179,97.4300003,10.0100002
1950,180,O,179,98.1999969,9.7299995
1951,180,O,179,99.0199966,9.46
1952,180,O,179,99.8499985,9.1899996
1953,180,O,179,98.6200027,8.3199997
1954,180,O,179,97.6699982,5.9400001
1955,180,O,179,96.7300034,6.0500002
1956,180,O,179,93.1600037,7.4000001
1957,181,O,180,94.8499985,10.0500002
1958,181,O,180,94.9199982,10.4099998
1959,181,O,180,95,10.7700005
1960,181,O,180,96.1200027,10.8000002
1961,181,O,180,96.3199997,11.79
1962,181,O,180,97.3300018,12.0299997
1963,181,O,180,98.4300003,13.3299999
1964,181,O,180,100.4000015,13.1599998
1965,181,O,180,100.3899994,12.54
1966,181,O,180,100.3799973,11.9300003
1967,181,O,180,99.3499985,11.8000002
1968,181,O,180,98.1999969,9.7299995
1969,181,O,180,97.4300003,10.0100002
1970,181,O,180,96.3600006,9.5699997
1971,181,O,180,94.8499985,10.0500002
1972,182,O,181,99.8499985,9.1899996
1973,182,O,181,99.0199966,9.46
1974,182,O,181,98.1999969,9.7299995
1975,182,O,181,99.3499985,11.8000002
1976,182,O,181,100.3799973,11.9300003
1977,182,O,181,100.1200027,10.5600004
1978,182,O,181,99.8499985,9.1899996
1979,183,O,182,100.3799973,11.9300003
1980,183,O,182,100.3899994,12.54
1981,183,O,182,100.4000015,13.1599998
1982,183,O,182,101.4899979,12.9200001
1983,183,O,182,102.5800018,12.6800003
1984,183,O,182,103.8300018,12.2600002
1985,183,O,182,105.0400009,11.3299999
1986,183,O,182,106.3099976,9.2600002
1987,183,O,182,103.4000015,10.1300001
1988,183,O,182,104.4300003,8.1999998
1989,183,O,182,104.0800018,8.0200005
1990,183,O,182,103.7200012,7.8299999
1991,183,O,182,102.3700027,8.6899996
1992,183,O,182,101.3199997,8.2399998
1993,183,O,182,99.8499985,9.1899996
1994,183,O,182,100.1200027,10.5600004
1995,183,O,182,100.3799973,11.9300003
1996,184,O,183,97.6699982,5.9400001
1997,184,O,183,98.6200027,8.3199997
1998,184,O,183,99.8499985,9.1899996
1999,184,O,183,101.3199997,8.2399998
2000,184,O,183,102.3700027,8.6899996
2001,184,O,183,103.7200012,7.8299999
2002,184,O,183,102.5599976,6.0799999
2003,184,O,183,101.4100037,4.3299999
2004,184,O,183,99.5400009,5.1399999
2005,184,O,183,97.6699982,5.9400001
2006,185,O,184,103.7200012,7.8299999
2007,185,O,184,104.0800018,8.0200005
2008,185,O,184,104.4300003,8.1999998
2009,185,O,184,105.75,7.46
2010,185,O,184,107.5299988,5.5799999
2011,185,O,184,106.3399963,3.97
2012,185,O,184,105.8499985,2.4400001
2013,185,O,184,103.6299973,3.3800001
2014,185,O,184,101.4100037,4.3299999
2015,185,O,184,102.5599976,6.0799999
2016,185,O,184,103.7200012,7.8299999
2017,186,O,185,104.4300003,8.1999998
2018,186,O,185,103.4000015,10.1300001
2019,186,O,185,106.3099976,9.2600002
2020,186,O,185,107.4000015,9.8199997
2021,186,O,185,108.5,10.3800001
2022,186,O,185,109.4199982,9.9700003
2023,186,O,185,110.3499985,9.5600004
2024,186,O,185,108.9400024,7.5700002
2025,186,O,185,107.5299988,5.5799999
2026,186,O,185,105.75,7.46
2027,186,O,185,104.4300003,8.1999998
2028,187,O,186,105.8499985,2.4400001
2029,187,O,186,106.3399963,3.97
2030,187,O,186,107.5299988,5.5799999
2031,187,O,186,109.6100006,4.5500002
2032,187,O,186,112.0100021,4.25
2033,187,O,186,111.2300034,3.24
2034,187,O,186,110.5199966,2.5599999
2035,187,O,186,110.5299988,1.89
2036,187,O,186,108.1399994,1.84
2037,187,O,186,105.8499985,2.4400001
2038,188,O,187,107.5299988,5.5799999
2039,188,O,187,108.9400024,7.5700002
2040,188,O,187,110.3499985,9.5600004
2041,188,O,187,111.4000015,9.2799997
2042,188,O,187,112.4599991,8.9899998
2043,188,O,187,112.4199982,6.1999998
2044,188,O,187,112.0100021,4.25
2045,188,O,187,109.6100006,4.5500002
2046,188,O,187,107.5299988,5.5799999
2047,189,O,188,110.5299988,1.89
2048,189,O,188,110.5199966,2.5599999
2049,189,O,188,111.2300034,3.24
2050,189,O,188,112.0100021,4.25
2051,189,O,188,114.9800034,4.6700001
2052,189,O,188,117.9499969,5.0900002
2053,189,O,188,118.0500031,3.8800001
2054,189,O,188,118.1500015,2.6800001
2055,189,O,188,114.3399963,2.28
2056,189,O,188,110.5299988,1.89
2057,190,O,189,112.0100021,4.25
2058,190,O,189,112.4199982,6.1999998
2059,190,O,189,112.4599991,8.9899998
2060,190,O,189,115.1800003,8.6800003
2061,190,O,189,117.8899994,8.3800001
2062,190,O,189,117.9199982,6.7399998
2063,190,O,189,117.9499969,5.0900002
2064,190,O,189,114.9800034,4.6700001
2065,190,O,189,112.0100021,4.25
2066,191,O,190,118.1500015,2.6800001
2067,191,O,190,118.0500031,3.8800001
2068,191,O,190,117.9499969,5.0900002
2069,191,O,190,117.9199982,6.7399998
2070,191,O,190,117.8899994,8.3800001
2071,191,O,190,119.6200027,7.8600001
2072,191,O,190,121.3399963,7.3299999
2073,191,O,190,122.5100021,7.2600002
2074,191,O,190,123.6800003,7.1999998
2075,191,O,190,122.4499969,4.7199998
2076,191,O,190,121.8600006,3.4100001
2077,191,O,190,120.0800018,3.26
2078,191,O,190,118.1500015,2.6800001
2079,192,O,191,121.8600006,3.4100001
2080,192,O,191,122.4499969,4.7199998
2081,192,O,191,123.6800003,7.1999998
2082,192,O,191,124.8199997,7.6799998
2083,192,O,191,125.9599991,8.1700001
2084,192,O,191,126.7200012,8.0799999
2085,192,O,191,127.4700012,7.98
2086,192,O,191,126.8799973,5.4899998
2087,192,O,191,126.2900009,3
2088,192,O,191,123.8300018,2.98
2089,192,O,191,123.3899994,3.8800001
2090,192,O,191,121.8600006,3.4100001
2091,193,O,192,132.3600006,3.1099999
2092,193,O,192,129.3200073,3.0599999
2093,193,O,192,126.2900009,3
2094,193,O,192,126.8799973,5.4899998
2095,193,O,192,127.4700012,7.98
2096,193,O,192,130.0800018,7.79
2097,193,O,192,132.6799927,7.5999999
2098,193,O,192,132.5200043,5.3600001
2099,193,O,192,132.3600006,3.1099999
2100,194,O,193,70.9899979,27.9300003
2101,194,O,193,71.9000015,27.7600002
2102,194,O,193,72.8199997,27.6000004
2103,194,O,193,74.1500015,24.8899994
2104,194,O,193,71.9499969,21.8199997
2105,194,O,193,70.9199982,22.7999992
2106,194,O,193,69.8899994,23.7800007
2107,194,O,193,68.6900024,26.1000004
2108,194,O,193,70.1399994,25.7199993
2109,194,O,193,69.5599976,27
2110,194,O,193,70.5699997,27.0100002
2111,194,O,193,70.9899979,27.9300003
2112,195,O,194,73.5100021,19.8700008
2113,195,O,194,72.7300034,20.8400002
2114,195,O,194,71.9499969,21.8199997
2115,195,O,194,74.1500015,24.8899994
2116,195,O,194,72.8199997,27.6000004
2117,195,O,194,75.1999969,26.8899994
2118,195,O,194,76.3099976,24.9899998
2119,195,O,194,77.6200027,25.4300003
2120,195,O,194,77.6900024,23.2800007
2121,195,O,194,77.9499969,21.6900005
2122,195,O,194,76.4300003,20.4799995
2123,195,O,194,74.9100037,19.2700005
2124,195,O,194,74.2099991,19.5699997
2125,195,O,194,73.5100021,19.8700008
2126,196,O,195,74.9100037,19.2700005
2127,196,O,195,76.4300003,20.4799995
2128,196,O,195,77.9499969,21.6900005
2129,196,O,195,79.2799988,20.5900002
2130,196,O,195,81.9499969,19.6800003
2131,196,O,195,80.5800018,18.5
2132,196,O,195,79.2200012,17.3099995
2133,196,O,195,78.5,17.7700005
2134,196,O,195,77.7699966,18.2299995
2135,196,O,195,76.3399963,18.75
2136,196,O,195,74.9100037,19.2700005
2137,197,O,196,77.9499969,21.6900005
2138,197,O,196,77.6900024,23.2800007
2139,197,O,196,77.6200027,25.4300003
2140,197,O,196,77.2399979,27.2900009
2141,197,O,196,77.9400024,27.4300003
2142,197,O,196,79.2399979,25.9400005
2143,197,O,196,81.9800034,25.3999996
2144,197,O,196,82.2799988,24.8400002
2145,197,O,196,82.5800018,24.2900009
2146,197,O,196,81.8399963,21.8799992
2147,197,O,196,81.9499969,19.6800003
2148,197,O,196,79.2799988,20.5900002
2149,197,O,196,77.9499969,21.6900005
2150,198,O,197,81.9499969,19.6800003
2151,198,O,197,81.8399963,21.8799992
2152,198,O,197,82.5800018,24.2900009
2153,198,O,197,85.25,25.5
2154,198,O,197,86.5299988,24.5699997
2155,198,O,197,86.8199997,22.8999996
2156,198,O,197,87.0999985,21.2399998
2157,198,O,197,84.5199966,20.4599991
2158,198,O,197,81.9499969,19.6800003
2159,199,O,198,87.0999985,21.2399998
2160,199,O,198,86.8199997,22.8999996
2161,199,O,198,86.5299988,24.5699997
2162,199,O,198,88.0100021,25.2800007
2163,199,O,198,89.1299973,26.5799999
2164,199,O,198,89.7399979,26.9500008
2165,199,O,198,90.3600006,27.3199997
2166,199,O,198,90.8099976,24.7199993
2167,199,O,198,92.9599991,23.5900002
2168,199,O,198,90.0899963,22.8500004
2169,199,O,198,89.25,21.6900005
2170,199,O,198,88.1800003,21.4599991
2171,199,O,198,87.0999985,21.2399998
2172,200,O,199,89.25,21.6900005
2173,200,O,199,90.0899963,22.8500004
2174,200,O,199,92.9599991,23.5900002
2175,200,O,199,95.2200012,24.2399998
2176,200,O,199,97.4700012,24.8899994
2177,200,O,199,97.9100037,23.3999996
2178,200,O,199,98.3499985,21.9099998
2179,200,O,199,97.9899979,21.2600002
2180,200,O,199,97.6299973,20.6000004
2181,200,O,199,94.9199982,20.2099991
2182,200,O,199,94.4700012,20.9899998
2183,200,O,199,90.5299988,20.6100006
2184,200,O,199,89.25,21.6900005
2185,201,O,200,98.3499985,21.9099998
2186,201,O,200,97.9100037,23.3999996
2187,201,O,200,97.4700012,24.8899994
2188,201,O,200,97.8199997,25.6599998
2189,201,O,200,98.1600037,26.4400005
2190,201,O,200,99.9599991,27.3899994
2191,201,O,200,101.75,28.3400002
2192,201,O,200,102.9300003,27.7800007
2193,201,O,200,104.1100006,27.2299995
2194,201,O,200,103.0199966,26.2000008
2195,201,O,200,101.5400009,26.3500004
2196,201,O,200,102.4199982,24.8400002
2197,201,O,200,100.0199966,23.4599991
2198,201,O,200,99.2799988,21.7600002
2199,201,O,200,98.3499985,21.9099998
2200,202,O,201,104.1100006,27.2299995
2201,202,O,201,102.9300003,27.7800007
2202,202,O,201,101.75,28.3400002
2203,202,O,201,101.6800003,29.2199993
2204,202,O,201,101.5999985,30.0900002
2205,202,O,201,104.0199966,31.1399994
2206,202,O,201,106.4300003,32.1899986
2207,202,O,201,106.8899994,30.9099998
2208,202,O,201,107.3499985,29.6299992
2209,202,O,201,106.3499985,28.4400005
2210,202,O,201,105.3499985,27.2600002
2211,202,O,201,104.7300034,27.2399998
2212,202,O,201,104.1100006,27.2299995
2213,203,O,202,99.1800003,47.3800011
2214,203,O,202,100.0999985,46.6699982
2215,203,O,202,101.0199966,47.1399994
2216,203,O,202,101.25,46.1599998
2217,203,O,202,101.4800034,45.1899986
2218,203,O,202,99.8099976,45.0900002
2219,203,O,202,97.6100006,46.7200012
2220,203,O,202,98.4000015,47.0499992
2221,203,O,202,99.1800003,47.3800011
2222,204,O,203,105.8700027,42.7400017
2223,204,O,203,104.4499969,42.8199997
2224,204,O,203,102.3499985,43.7000008
2225,204,O,203,101.4800034,45.1899986
2226,204,O,203,103.4400024,45.7200012
2227,204,O,203,105.4000015,46.2400017
2228,204,O,203,107.4199982,45.0999985
2229,204,O,203,109.4499969,43.9599991
2230,204,O,203,108.6500015,43.0600014
2231,204,O,203,105.8700027,42.7400017
2232,205,O,204,101.0199966,47.1399994
2233,205,O,204,103.0999985,49.0800018
2234,205,O,204,105.1800003,51.0099983
2235,205,O,204,105.1699982,50.5600014
2236,205,O,204,105.1600037,50.1100006
2237,205,O,204,104.6299973,48.75
2238,205,O,204,105.4000015,46.2400017
2239,205,O,204,103.4400024,45.7200012
2240,205,O,204,101.4800034,45.1899986
2241,205,O,204,101.25,46.1599998
2242,205,O,204,101.0199966,47.1399994
2243,206,O,205,105.4000015,46.2400017
2244,206,O,205,104.6299973,48.75
2245,206,O,205,105.1600037,50.1100006
2246,206,O,205,105.9100037,49.8800011
2247,206,O,205,106.6600037,49.6399994
2248,206,O,205,108.6100006,48.4599991
2249,206,O,205,110.5299988,48.9700012
2250,206,O,205,111.25,48.0699997
2251,206,O,205,110.3499985,46.0200005
2252,206,O,205,109.4499969,43.9599991
2253,206,O,205,107.4199982,45.0999985
2254,206,O,205,105.4000015,46.2400017
2255,207,O,206,109.4499969,43.9599991
2256,207,O,206,110.3499985,46.0200005
2257,207,O,206,111.25,48.0699997
2258,207,O,206,113.4800034,46.9099998
2259,207,O,206,115.7099991,45.75
2260,207,O,206,114.5,44.4199982
2261,207,O,206,112.8499985,44.8699989
2262,207,O,206,113.3700027,43.3899994
2263,207,O,206,111.4100037,43.6800003
2264,207,O,206,109.4499969,43.9599991
2265,208,O,207,111.25,48.0699997
2266,208,O,207,110.5299988,48.9700012
2267,208,O,207,108.6100006,48.4599991
2268,208,O,207,106.6600037,49.6399994
2269,208,O,207,107.5400009,50.9000015
2270,208,O,207,110.8600006,50.3899994
2271,208,O,207,111.7600021,51.5099983
2272,208,O,207,112.5500031,49.6800003
2273,208,O,207,111.25,48.0699997
2274,209,O,208,115.7099991,45.75
2275,209,O,208,113.4800034,46.9099998
2276,209,O,208,111.25,48.0699997
2277,209,O,208,112.5500031,49.6800003
2278,209,O,208,111.7600021,51.5099983
2279,209,O,208,114.7300034,50.4000015
2280,209,O,208,117.6999969,49.2999992
2281,209,O,208,118.5800018,48.4599991
2282,209,O,208,119.4499969,47.6300011
2283,209,O,208,119.7799988,46.9199982
2284,209,O,208,120.0999985,46.2000008
2285,209,O,208,116.6600037,47.4000015
2286,209,O,208,116.6100006,46.2299995
2287,209,O,208,115.7099991,45.75
2288,210,O,209,113.3700027,43.3899994
2289,210,O,209,112.8499985,44.8699989
2290,210,O,209,114.5,44.4199982
2291,210,O,209,115.7099991,45.75
2292,210,O,209,116.6100006,46.2299995
2293,210,O,209,116.6600037,47.4000015
2294,210,O,209,120.0999985,46.2000008
2295,210,O,209,119.4599991,44.9199982
2296,210,O,209,118.8099976,43.6300011
2297,210,O,209,116.3799973,44.5499992
2298,210,O,209,115.7900009,43.1599998
2299,210,O,209,113.3700027,43.3899994
2300,211,O,210,23.1299992,29.1700001
2301,211,O,210,23.3500004,30.7399998
2302,211,O,210,23.5699997,32.3100014
2303,211,O,210,26.7399998,31.2399998
2304,211,O,210,29.8999996,30.1800003
2305,211,O,210,29.4400005,29.7199993
2306,211,O,210,28.9799995,29.25
2307,211,O,210,27.2199993,27.7399998
2308,211,O,210,25.4599991,26.2199993
2309,211,O,210,24.2999992,27.7000008
2310,211,O,210,23.1299992,29.1700001
2311,212,O,211,29.0400009,22.1599998
2312,212,O,211,27.25,24.1900005
2313,212,O,211,25.4599991,26.2199993
2314,212,O,211,27.2199993,27.7399998
2315,212,O,211,28.9799995,29.25
2316,212,O,211,30.0799999,27.7800007
2317,212,O,211,31.1900005,26.2999992
2318,212,O,211,30.1200008,24.2299995
2319,212,O,211,29.0400009,22.1599998
2320,213,O,212,29.8999996,30.1800003
2321,213,O,212,30.9799995,30.9200001
2322,213,O,212,32.0600014,31.6700001
2323,213,O,212,33.1800003,29.7800007
2324,213,O,212,34.2999992,27.8799992
2325,213,O,212,32.7400017,27.0900002
2326,213,O,212,31.1900005,26.2999992
2327,213,O,212,30.0799999,27.7800007
2328,213,O,212,28.9799995,29.25
2329,213,O,212,29.4400005,29.7199993
2330,213,O,212,29.8999996,30.1800003
2331,214,O,213,29.0400009,22.1599998
2332,214,O,213,30.1200008,24.2299995
2333,214,O,213,31.1900005,26.2999992
2334,214,O,213,33.2099991,24.7600002
2335,214,O,213,35.2299995,23.2099991
2336,214,O,213,29.8899994,22.3400002
2337,214,O,213,29.0400009,22.1599998
2338,215,O,214,37.7400017,23.0699997
2339,215,O,214,36.4799995,23.1399994
2340,215,O,214,35.2299995,23.2099991
2341,215,O,214,33.2099991,24.7600002
2342,215,O,214,31.1900005,26.2999992
2343,215,O,214,32.7400017,27.0900002
2344,215,O,214,34.2999992,27.8799992
2345,215,O,214,36.0400009,26.7399998
2346,215,O,214,37.7799988,25.6000004
2347,215,O,214,38.6399994,24.1399994
2348,215,O,214,39.4900017,22.6800003
2349,215,O,214,38.6199989,22.8799992
2350,215,O,214,37.7400017,23.0699997
2351,216,O,215,32.0600014,31.6700001
2352,216,O,215,33.4500008,32.6199989
2353,216,O,215,34.8400002,33.5800018
2354,216,O,215,35.7299995,32.0999985
2355,216,O,215,37.1800003,31.8400002
2356,216,O,215,36.9000015,31.3600006
2357,216,O,215,36.6100006,30.8700008
2358,216,O,215,35.4599991,29.3799992
2359,216,O,215,34.2999992,27.8799992
2360,216,O,215,33.1800003,29.7800007
2361,216,O,215,32.0600014,31.6700001
2362,217,O,216,37.7799988,25.6000004
2363,217,O,216,36.0400009,26.7399998
2364,217,O,216,34.2999992,27.8799992
2365,217,O,216,35.4599991,29.3799992
2366,217,O,216,36.6100006,30.8700008
2367,217,O,216,37.7400017,29.6599998
2368,217,O,216,38.8699989,28.4500008
2369,217,O,216,38.3199997,27.0200005
2370,217,O,216,37.7799988,25.6000004
2371,218,O,217,39.4900017,22.6800003
2372,218,O,217,38.6399994,24.1399994
2373,218,O,217,37.7799988,25.6000004
2374,218,O,217,38.3199997,27.0200005
2375,218,O,217,38.8699989,28.4500008
2376,218,O,217,40.3400002,26.4500008
2377,218,O,217,41.8199997,24.4500008
2378,218,O,217,41.5999985,23.3799992
2379,218,O,217,41.3800011,22.3199997
2380,218,O,217,40.4399986,22.5
2381,218,O,217,39.4900017,22.6800003
2382,219,O,218,39.7299995,19.1000004
2383,219,O,218,38.7400017,21.0799999
2384,219,O,218,37.7400017,23.0699997
2385,219,O,218,38.6199989,22.8799992
2386,219,O,218,39.4900017,22.6800003
2387,219,O,218,40.4399986,22.5
2388,219,O,218,41.3800011,22.3199997
2389,219,O,218,43.7200012,21.9500008
2390,219,O,218,46.0499992,21.5799999
2391,219,O,218,46.1199989,20.3799992
2392,219,O,218,46.1800003,19.1800003
2393,219,O,218,42.9599991,19.1399994
2394,219,O,218,39.7299995,19.1000004
2395,220,O,219,40.7999992,15.96
2396,220,O,219,40.2599983,17.5300007
2397,220,O,219,39.7299995,19.1000004
2398,220,O,219,42.9599991,19.1399994
2399,220,O,219,46.1800003,19.1800003
2400,220,O,219,46.1100006,17.6000004
2401,220,O,219,46.0400009,16.0200005
2402,220,O,219,43.4199982,15.9899998
2403,220,O,219,40.7999992,15.96
2404,221,O,220,46.1800003,19.1800003
2405,221,O,220,46.1199989,20.3799992
2406,221,O,220,46.0499992,21.5799999
2407,221,O,220,47.7000008,20.7199993
2408,221,O,220,49.3499985,19.8500004
2409,221,O,220,49.3400002,15.9200001
2410,221,O,220,46.0400009,16.0200005
2411,221,O,220,46.1100006,17.6000004
2412,221,O,220,46.1800003,19.1800003
2413,222,O,221,49.3499985,19.8500004
2414,222,O,221,47.7000008,20.7199993
2415,222,O,221,46.0499992,21.5799999
2416,222,O,221,46.3199997,22.7099991
2417,222,O,221,46.5900002,23.8400002
2418,222,O,221,47.9199982,23.6599998
2419,222,O,221,49.25,23.4899998
2420,222,O,221,49.2999992,21.6700001
2421,222,O,221,49.3499985,19.8500004
2422,223,O,222,41.3800011,22.3199997
2423,223,O,222,41.5999985,23.3799992
2424,223,O,222,41.8199997,24.4500008
2425,223,O,222,44.0800018,25.1700001
2426,223,O,222,46.3499985,25.8899994
2427,223,O,222,46.4700012,24.8600006
2428,223,O,222,46.5900002,23.8400002
2429,223,O,222,46.3199997,22.7099991
2430,223,O,222,46.0499992,21.5799999
2431,223,O,222,43.7200012,21.9500008
2432,223,O,222,41.3800011,22.3199997
2433,224,O,223,46.3499985,25.8899994
2434,224,O,223,44.0800018,25.1700001
2435,224,O,223,41.8199997,24.4500008
2436,224,O,223,42.2099991,26.8999996
2437,224,O,223,42.5999985,29.3400002
2438,224,O,223,43.4599991,28.8999996
2439,224,O,223,44.3899994,29.4099998
2440,224,O,223,45.7799988,28.3299999
2441,224,O,223,46.0600014,27.1100006
2442,224,O,223,46.3499985,25.8899994
2443,225,O,224,41.8199997,24.4500008
2444,225,O,224,40.3400002,26.4500008
2445,225,O,224,38.8699989,28.4500008
2446,225,O,224,39.0999985,28.7800007
2447,225,O,224,39.3199997,29.1000004
2448,225,O,224,39.9500008,28.9300003
2449,225,O,224,40.8800011,29.4799995
2450,225,O,224,42.5999985,29.3400002
2451,225,O,224,42.2099991,26.8999996
2452,225,O,224,41.8199997,24.4500008
2453,226,O,225,36.6100006,30.8700008
2454,226,O,225,36.9000015,31.3600006
2455,226,O,225,37.1800003,31.8400002
2456,226,O,225,37.8800011,32
2457,226,O,225,38.5800018,32.1699982
2458,226,O,225,40.3300018,32.6599998
2459,226,O,225,41.4599991,32.1800003
2460,226,O,225,40.3899994,30.6399994
2461,226,O,225,39.3199997,29.1000004
2462,226,O,225,39.0999985,28.7800007
2463,226,O,225,38.8699989,28.4500008
2464,226,O,225,37.7400017,29.6599998
2465,226,O,225,36.6100006,30.8700008
2466,227,O,226,38.2900009,37.4199982
2467,227,O,226,39.1599998,36.8400002
2468,227,O,226,40.0400009,36.2700005
2469,227,O,226,39.3100014,34.2200012
2470,227,O,226,38.5800018,32.1699982
2471,227,O,226,37.8800011,32
2472,227,O,226,37.1800003,31.8400002
2473,227,O,226,36.3600006,32.9399986
2474,227,O,226,35.5299988,34.0499992
2475,227,O,226,36.9099998,35.7400017
2476,227,O,226,38.2900009,37.4199982
2477,228,O,227,41.4599991,32.1800003
2478,228,O,227,40.3300018,32.6599998
2479,228,O,227,38.5800018,32.1699982
2480,228,O,227,39.3100014,34.2200012
2481,228,O,227,40.0400009,36.2700005
2482,228,O,227,41.5499992,36.3899994
2483,228,O,227,43.0600014,36.5099983
2484,228,O,227,43.4000015,34.7599983
2485,228,O,227,43.75,33
2486,228,O,227,42.5999985,32.5900002
2487,228,O,227,41.4599991,32.1800003
2488,229,O,228,45.7799988,28.3299999
2489,229,O,228,44.3899994,29.4099998
2490,229,O,228,43.4599991,28.8999996
2491,229,O,228,42.5999985,29.3400002
2492,229,O,228,40.8800011,29.4799995
2493,229,O,228,39.9500008,28.9300003
2494,229,O,228,39.3199997,29.1000004
2495,229,O,228,40.3899994,30.6399994
2496,229,O,228,41.4599991,32.1800003
2497,229,O,228,42.5999985,32.5900002
2498,229,O,228,43.75,33
2499,229,O,228,45.4799995,33.5499992
2500,229,O,228,47.2200012,34.0999985
2501,229,O,228,46.8699989,32.7200012
2502,229,O,228,47.9300003,32.0200005
2503,229,O,228,47.4300003,31.1399994
2504,229,O,228,46.9300003,30.2600002
2505,229,O,228,46.3600006,29.2999992
2506,229,O,228,45.7799988,28.3299999
2507,230,O,229,46.3499985,25.8899994
2508,230,O,229,46.0600014,27.1100006
2509,230,O,229,45.7799988,28.3299999
2510,230,O,229,46.3600006,29.2999992
2511,230,O,229,46.9300003,30.2600002
2512,230,O,229,48.75,28.0599995
2513,230,O,229,49.2599983,25.3799992
2514,230,O,229,47.7999992,25.6399994
2515,230,O,229,46.3499985,25.8899994
2516,231,O,230,49.25,23.4899998
2517,231,O,230,47.9199982,23.6599998
2518,231,O,230,46.5900002,23.8400002
2519,231,O,230,46.4700012,24.8600006
2520,231,O,230,46.3499985,25.8899994
2521,231,O,230,47.7999992,25.6399994
2522,231,O,230,49.2599983,25.3799992
2523,231,O,230,49.5999985,24.7900009
2524,231,O,230,49.9399986,24.2000008
2525,231,O,230,49.5999985,23.8400002
2526,231,O,230,49.25,23.4899998
2527,232,O,231,49.3499985,19.8500004
2528,232,O,231,49.2999992,21.6700001
2529,232,O,231,49.25,23.4899998
2530,232,O,231,49.5999985,23.8400002
2531,232,O,231,49.9399986,24.2000008
2532,232,O,231,51.3699989,23.9799995
2533,232,O,231,52.7999992,23.7600002
2534,232,O,231,52.3400002,21.8199997
2535,232,O,231,51.8899994,19.8899994
2536,232,O,231,50.6199989,19.8700008
2537,232,O,231,49.3499985,19.8500004
2538,233,O,232,49.2599983,25.3799992
2539,233,O,232,48.75,28.0599995
2540,233,O,232,46.9300003,30.2600002
2541,233,O,232,49.4599991,29.4200001
2542,233,O,232,52,28.5799999
2543,233,O,232,52.4500008,27.7700005
2544,233,O,232,53.8400002,27.5200005
2545,233,O,232,54.5400009,25.5400009
2546,233,O,232,55.2400017,23.5699997
2547,233,O,232,54.0200005,23.6599998
2548,233,O,232,52.7999992,23.7600002
2549,233,O,232,51.3699989,23.9799995
2550,233,O,232,49.9399986,24.2000008
2551,233,O,232,49.5999985,24.7900009
2552,233,O,232,49.2599983,25.3799992
2553,234,O,233,46.9300003,30.2600002
2554,234,O,233,47.4300003,31.1399994
2555,234,O,233,47.9300003,32.0200005
2556,234,O,233,49.6100006,32.1300011
2557,234,O,233,50.5999985,32.6599998
2558,234,O,233,50.7599983,31.7000008
2559,234,O,233,50.9199982,30.75
2560,234,O,233,51.4599991,29.6599998
2561,234,O,233,52,28.5799999
2562,234,O,233,49.4599991,29.4200001
2563,234,O,233,46.9300003,30.2600002
2564,235,O,234,47.9300003,32.0200005
2565,235,O,234,46.8699989,32.7200012
2566,235,O,234,47.2200012,34.0999985
2567,235,O,234,50.8400002,35.2400017
2568,235,O,234,54.4599991,36.3800011
2569,235,O,234,54.6599998,35.9799995
2570,235,O,234,54.8600006,35.5900002
2571,235,O,234,51.4399986,34.2299995
2572,235,O,234,50.5999985,32.6599998
2573,235,O,234,49.6100006,32.1300011
2574,235,O,234,47.9300003,32.0200005
2575,236,O,235,43.75,33
2576,236,O,235,43.4000015,34.7599983
2577,236,O,235,43.0600014,36.5099983
2578,236,O,235,43.8600006,37.4700012
2579,236,O,235,44.6599998,38.4300003
2580,236,O,235,45.6399994,37.0200005
2581,236,O,235,46.6199989,35.6100006
2582,236,O,235,46.9199982,34.8600006
2583,236,O,235,47.2200012,34.0999985
2584,236,O,235,45.4799995,33.5499992
2585,236,O,235,43.75,33
2586,237,O,236,38.2900009,37.4199982
2587,237,O,236,40.1300011,39.3600006
2588,237,O,236,43.0499992,40.3100014
2589,237,O,236,43.8600006,39.3699989
2590,237,O,236,44.6599998,38.4300003
2591,237,O,236,43.8600006,37.4700012
2592,237,O,236,43.0600014,36.5099983
2593,237,O,236,41.5499992,36.3899994
2594,237,O,236,40.0400009,36.2700005
2595,237,O,236,39.1599998,36.8400002
2596,237,O,236,38.2900009,37.4199982
2597,238,O,237,43.0499992,40.3100014
2598,238,O,237,45.7099991,40.9099998
2599,238,O,237,48.3699989,41.5099983
2600,238,O,237,48.9599991,40.3100014
2601,238,O,237,49.5600014,39.1100006
2602,238,O,237,48.0900002,37.3600006
2603,238,O,237,46.6199989,35.6100006
2604,238,O,237,45.6399994,37.0200005
2605,238,O,237,44.6599998,38.4300003
2606,238,O,237,43.8600006,39.3699989
2607,238,O,237,43.0499992,40.3100014
2608,239,O,238,49.5600014,39.1100006
2609,239,O,238,52.4199982,37.7099991
2610,239,O,238,53.4700012,38.3600006
2611,239,O,238,53.9599991,37.3699989
2612,239,O,238,54.4599991,36.3800011
2613,239,O,238,50.8400002,35.2400017
2614,239,O,238,47.2200012,34.0999985
2615,239,O,238,46.9199982,34.8600006
2616,239,O,238,46.6199989,35.6100006
2617,239,O,238,48.0900002,37.3600006
2618,239,O,238,49.5600014,39.1100006
2619,240,O,239,50.9199982,30.75
2620,240,O,239,50.7599983,31.7000008
2621,240,O,239,50.5999985,32.6599998
2622,240,O,239,51.4399986,34.2299995
2623,240,O,239,54.8600006,35.5900002
2624,240,O,239,55.7400017,35.4799995
2625,240,O,239,56.6100006,35.3699989
2626,240,O,239,56.4399986,34.9000015
2627,240,O,239,56.2799988,34.4199982
2628,240,O,239,54.5499992,33.7299995
2629,240,O,239,52.3600006,32.4500008
2630,240,O,239,52.2200012,31.4200001
2631,240,O,239,51.5699997,31.0799999
2632,240,O,239,50.9199982,30.75
2633,241,O,240,52.2200012,31.4200001
2634,241,O,240,52.3600006,32.4500008
2635,241,O,240,54.5499992,33.7299995
2636,241,O,240,56.2799988,34.4199982
2637,241,O,240,56.1699982,32.5200005
2638,241,O,240,56.0600014,30.6200008
2639,241,O,240,53.0900002,30.6399994
2640,241,O,240,52.2200012,31.4200001
2641,242,O,241,53.8400002,27.5200005
2642,242,O,241,52.4500008,27.7700005
2643,242,O,241,52,28.5799999
2644,242,O,241,51.4599991,29.6599998
2645,242,O,241,50.9199982,30.75
2646,242,O,241,51.5699997,31.0799999
2647,242,O,241,52.2200012,31.4200001
2648,242,O,241,53.0900002,30.6399994
2649,242,O,241,56.0600014,30.6200008
2650,242,O,241,56.3400002,30.0499992
2651,242,O,241,56.6300011,29.4799995
2652,242,O,241,55.2400017,28.5
2653,242,O,241,53.8400002,27.5200005
2654,243,O,242,55.2400017,23.5699997
2655,243,O,242,54.5400009,25.5400009
2656,243,O,242,53.8400002,27.5200005
2657,243,O,242,55.2400017,28.5
2658,243,O,242,56.6300011,29.4799995
2659,243,O,242,56.5200005,28.2600002
2660,243,O,242,56.4099998,27.0400009
2661,243,O,242,56.0600014,25.8899994
2662,243,O,242,56.1199989,24.0300007
2663,243,O,242,55.2400017,23.5699997
2664,244,O,243,51.8899994,19.8899994
2665,244,O,243,52.3400002,21.8199997
2666,244,O,243,52.7999992,23.7600002
2667,244,O,243,54.0200005,23.6599998
2668,244,O,243,55.2400017,23.5699997
2669,244,O,243,56.5800018,21.7600002
2670,244,O,243,57.9300003,19.9599991
2671,244,O,243,54.9099998,19.9200001
2672,244,O,243,51.8899994,19.8899994
2673,245,O,244,55.2400017,23.5699997
2674,245,O,244,56.1199989,24.0300007
2675,245,O,244,56.0600014,25.8899994
2676,245,O,244,56.4099998,27.0400009
2677,245,O,244,58.2200012,26.7299995
2678,245,O,244,60.0400009,26.4200001
2679,245,O,244,59.1699982,25.5799999
2680,245,O,244,61.3899994,24.1200008
2681,245,O,244,59.4500008,22.7000008
2682,245,O,244,57.9300003,19.9599991
2683,245,O,244,56.5800018,21.7600002
2684,245,O,244,55.2400017,23.5699997
2685,246,O,245,56.4099998,27.0400009
2686,246,O,245,56.5200005,28.2600002
2687,246,O,245,56.6300011,29.4799995
2688,246,O,245,58.8100014,30.2999992
2689,246,O,245,61.1500015,29.8500004
2690,246,O,245,60.5999985,28.1399994
2691,246,O,245,60.0400009,26.4200001
2692,246,O,245,58.2200012,26.7299995
2693,246,O,245,56.4099998,27.0400009
2694,247,O,246,56.0600014,30.6200008
2695,247,O,246,56.1699982,32.5200005
2696,247,O,246,56.2799988,34.4199982
2697,247,O,246,58.7099991,34.5600014
2698,247,O,246,59.3199997,33.7999992
2699,247,O,246,60.8100014,33.8899994
2700,247,O,246,61.5600014,32.5400009
2701,247,O,246,61.3600006,31.2000008
2702,247,O,246,61.1500015,29.8500004
2703,247,O,246,58.8100014,30.2999992
2704,247,O,246,56.6300011,29.4799995
2705,247,O,246,56.3400002,30.0499992
2706,247,O,246,56.0600014,30.6200008
2707,248,O,247,56.2799988,34.4199982
2708,248,O,247,56.4399986,34.9000015
2709,248,O,247,56.6100006,35.3699989
2710,248,O,247,60.1800003,36.2900009
2711,248,O,247,63.7400017,37.2099991
2712,248,O,247,63.1399994,36.0200005
2713,248,O,247,62.5299988,34.8400002
2714,248,O,247,62.6100006,32.6599998
2715,248,O,247,61.5600014,32.5400009
2716,248,O,247,60.8100014,33.8899994
2717,248,O,247,59.3199997,33.7999992
2718,248,O,247,58.7099991,34.5600014
2719,248,O,247,56.2799988,34.4199982
2720,249,O,248,53.4700012,38.3600006
2721,249,O,248,55.3300018,38.2000008
2722,249,O,248,57.1899986,38.0499992
2723,249,O,248,56.9000015,36.7099991
2724,249,O,248,56.6100006,35.3699989
2725,249,O,248,55.7400017,35.4799995
2726,249,O,248,54.8600006,35.5900002
2727,249,O,248,54.6599998,35.9799995
2728,249,O,248,54.4599991,36.3800011
2729,249,O,248,53.9599991,37.3699989
2730,249,O,248,53.4700012,38.3600006
2731,250,O,249,57.1899986,38.0499992
2732,250,O,249,60.6599998,38.3400002
2733,250,O,249,62.5600014,41.0600014
2734,250,O,249,63.7799988,40.0800018
2735,250,O,249,63.7400017,37.2099991
2736,250,O,249,60.1800003,36.2900009
2737,250,O,249,56.6100006,35.3699989
2738,250,O,249,56.9000015,36.7099991
2739,250,O,249,57.1899986,38.0499992
2740,251,O,250,62.5600014,41.0600014
2741,251,O,250,63.3800011,42.5
2742,251,O,250,64.1999969,43.9300003
2743,251,O,250,64.9199982,43.3899994
2744,251,O,250,66.1299973,44.1100006
2745,251,O,250,66.7399979,41.0900002
2746,251,O,250,67.6299973,40.8600006
2747,251,O,250,67.7600021,39.9000015
2748,251,O,250,67.9000015,38.9300003
2749,251,O,250,65.8199997,38.0699997
2750,251,O,250,63.7400017,37.2099991
2751,251,O,250,63.7799988,40.0800018
2752,251,O,250,62.5600014,41.0600014
2753,252,O,251,62.5299988,34.8400002
2754,252,O,251,63.1399994,36.0200005
2755,252,O,251,63.7400017,37.2099991
2756,252,O,251,65.8199997,38.0699997
2757,252,O,251,67.9000015,38.9300003
2758,252,O,251,67.9100037,37.5
2759,252,O,251,67.9199982,36.0699997
2760,252,O,251,67.7399979,34.5
2761,252,O,251,67.5599976,32.9199982
2762,252,O,251,65.6800003,34.2400017
2763,252,O,251,63.9099998,33.7900009
2764,252,O,251,63.2200012,34.3199997
2765,252,O,251,62.5299988,34.8400002
2766,253,O,252,61.1500015,29.8500004
2767,253,O,252,61.3600006,31.2000008
2768,253,O,252,61.5600014,32.5400009
2769,253,O,252,62.6100006,32.6599998
2770,253,O,252,62.5299988,34.8400002
2771,253,O,252,63.2200012,34.3199997
2772,253,O,252,63.9099998,33.7900009
2773,253,O,252,63.9399986,31.9200001
2774,253,O,252,63.9700012,30.0400009
2775,253,O,252,64.0899963,28.8299999
2776,253,O,252,64.2099991,27.6200008
2777,253,O,252,62.6800003,28.7399998
2778,253,O,252,61.1500015,29.8500004
2779,254,O,253,61.3899994,24.1200008
2780,254,O,253,59.1699982,25.5799999
2781,254,O,253,60.0400009,26.4200001
2782,254,O,253,60.5999985,28.1399994
2783,254,O,253,61.1500015,29.8500004
2784,254,O,253,62.6800003,28.7399998
2785,254,O,253,64.2099991,27.6200008
2786,254,O,253,64.0800018,25.6900005
2787,254,O,253,63.9399986,23.7600002
2788,254,O,253,62.8699989,23.5499992
2789,254,O,253,61.3899994,24.1200008
2790,255,O,254,57.9300003,19.9599991
2791,255,O,254,59.4500008,22.7000008
2792,255,O,254,61.3899994,24.1200008
2793,255,O,254,62.8699989,23.5499992
2794,255,O,254,63.9399986,23.7600002
2795,255,O,254,65.7900009,23.5499992
2796,255,O,254,66.1299973,22.6900005
2797,255,O,254,66.0800018,21.3199997
2798,255,O,254,66.0199966,19.9599991
2799,255,O,254,61.9799995,19.9599991
2800,255,O,254,57.9300003,19.9599991
2801,256,O,255,63.9399986,23.7600002
2802,256,O,255,64.0800018,25.6900005
2803,256,O,255,64.2099991,27.6200008
2804,256,O,255,65.8300018,27.8400002
2805,256,O,255,66.9899979,27.6299992
2806,256,O,255,67.6100006,23.3899994
2807,256,O,255,66.8700027,23.0400009
2808,256,O,255,66.1299973,22.6900005
2809,256,O,255,65.7900009,23.5499992
2810,256,O,255,63.9399986,23.7600002
2811,257,O,256,69.8899994,23.7800007
2812,257,O,256,68.75,23.5799999
2813,257,O,256,67.6100006,23.3899994
2814,257,O,256,66.9899979,27.6299992
2815,257,O,256,65.8300018,27.8400002
2816,257,O,256,64.2099991,27.6200008
2817,257,O,256,64.0899963,28.8299999
2818,257,O,256,63.9700012,30.0400009
2819,257,O,256,65.8000031,30.7999992
2820,257,O,256,67.6399994,30.6399994
2821,257,O,256,68.4800034,28.3500004
2822,257,O,256,70.9899979,27.9300003
2823,257,O,256,70.5699997,27.0100002
2824,257,O,256,69.5599976,27
2825,257,O,256,70.1399994,25.7199993
2826,257,O,256,68.6900024,26.1000004
2827,257,O,256,69.8899994,23.7800007
2828,258,O,257,63.9099998,33.7900009
2829,258,O,257,65.6800003,34.2400017
2830,258,O,257,67.5599976,32.9199982
2831,258,O,257,67.5999985,31.7800007
2832,258,O,257,67.6399994,30.6399994
2833,258,O,257,65.8000031,30.7999992
2834,258,O,257,63.9700012,30.0400009
2835,258,O,257,63.9399986,31.9200001
2836,258,O,257,63.9099998,33.7900009
2837,259,O,258,71.9499969,21.8199997
2838,259,O,258,72.7300034,20.8400002
2839,259,O,258,73.5100021,19.8700008
2840,259,O,258,69.7600021,19.9200001
2841,259,O,258,66.0199966,19.9599991
2842,259,O,258,66.0800018,21.3199997
2843,259,O,258,66.1299973,22.6900005
2844,259,O,258,66.8700027,23.0400009
2845,259,O,258,67.6100006,23.3899994
2846,259,O,258,68.75,23.5799999
2847,259,O,258,69.8899994,23.7800007
2848,259,O,258,70.9199982,22.7999992
2849,259,O,258,71.9499969,21.8199997
2850,260,O,259,70.9899979,27.9300003
2851,260,O,259,68.4800034,28.3500004
2852,260,O,259,67.6399994,30.6399994
2853,260,O,259,67.5999985,31.7800007
2854,260,O,259,67.5599976,32.9199982
2855,260,O,259,69.9100037,31.9300003
2856,260,O,259,70.5699997,29.9799995
2857,260,O,259,70.7799988,28.9599991
2858,260,O,259,70.9899979,27.9300003
2859,261,O,260,67.5599976,32.9199982
2860,261,O,260,67.7399979,34.5
2861,261,O,260,67.9199982,36.0699997
2862,261,O,260,69.4100037,36
2863,261,O,260,70.9000015,35.9399986
2864,261,O,260,71.0800018,34.1699982
2865,261,O,260,72.6200027,32.9500008
2866,261,O,260,72.3199997,31.8999996
2867,261,O,260,72.0299988,30.8400002
2868,261,O,260,71.3000031,30.4099998
2869,261,O,260,70.5699997,29.9799995
2870,261,O,260,69.9100037,31.9300003
2871,261,O,260,67.5599976,32.9199982
2872,262,O,261,67.9000015,38.9300003
2873,262,O,261,67.7600021,39.9000015
2874,262,O,261,67.6299973,40.8600006
2875,262,O,261,69.0800018,40.9799995
2876,262,O,261,70.5199966,41.0900002
2877,262,O,261,71.1299973,41.3400002
2878,262,O,261,71.7399979,41.5900002
2879,262,O,261,72.1399994,40.0099983
2880,262,O,261,72.5299988,38.4300003
2881,262,O,261,71.7200012,37.1800003
2882,262,O,261,70.9000015,35.9399986
2883,262,O,261,69.4100037,36
2884,262,O,261,67.9199982,36.0699997
2885,262,O,261,67.9100037,37.5
2886,262,O,261,67.9000015,38.9300003
2887,263,O,262,67.6299973,40.8600006
2888,263,O,262,66.7399979,41.0900002
2889,263,O,262,66.1299973,44.1100006
2890,263,O,262,66.7799988,44.5900002
2891,263,O,262,67.4400024,45.0699997
2892,263,O,262,68.0800018,45.2200012
2893,263,O,262,68.7300034,45.3800011
2894,263,O,262,69.6200027,43.2400017
2895,263,O,262,70.5199966,41.0900002
2896,263,O,262,69.0800018,40.9799995
2897,263,O,262,67.6299973,40.8600006
2898,264,O,263,64.1999969,43.9300003
2899,264,O,263,64.3099976,45.3199997
2900,264,O,263,63.6899986,46.4700012
2901,264,O,263,64.8399963,46.9599991
2902,264,O,263,65.9800034,47.4399986
2903,264,O,263,66.7099991,46.2599983
2904,264,O,263,67.4400024,45.0699997
2905,264,O,263,66.7799988,44.5900002
2906,264,O,263,66.1299973,44.1100006
2907,264,O,263,64.9199982,43.3899994
2908,264,O,263,64.1999969,43.9300003
2909,265,O,264,63.6899986,46.4700012
2910,265,O,264,63.4199982,46.9599991
2911,265,O,264,63.1599998,47.4500008
2912,265,O,264,63.8699989,49.4900017
2913,265,O,264,64.5800018,51.5299988
2914,265,O,264,65.2799988,51.3600006
2915,265,O,264,65.9899979,51.1800003
2916,265,O,264,66.5999985,49.9000015
2917,265,O,264,67.2200012,48.6300011
2918,265,O,264,66.5999985,48.0400009
2919,265,O,264,65.9800034,47.4399986
2920,265,O,264,64.8399963,46.9599991
2921,265,O,264,63.6899986,46.4700012
2922,266,O,265,64.5800018,51.5299988
2923,266,O,265,63.8400002,53.5999985
2924,266,O,265,65.9400024,54.0999985
2925,266,O,265,67.2099991,55.2799988
2926,266,O,265,68.4700012,55.5400009
2927,266,O,265,69.7300034,55.7999992
2928,266,O,265,70.5999985,54.7999992
2929,266,O,265,71.4700012,53.7999992
2930,266,O,265,68.1200027,52.7000008
2931,266,O,265,65.9899979,51.1800003
2932,266,O,265,65.2799988,51.3600006
2933,266,O,265,64.5800018,51.5299988
2934,267,O,266,67.2200012,48.6300011
2935,267,O,266,66.5999985,49.9000015
2936,267,O,266,65.9899979,51.1800003
2937,267,O,266,68.1200027,52.7000008
2938,267,O,266,71.4700012,53.7999992
2939,267,O,266,71.8199997,53.6800003
2940,267,O,266,72.1600037,53.5600014
2941,267,O,266,72.3700027,53.1199989
2942,267,O,266,72.5800018,52.6699982
2943,267,O,266,72.0199966,50.7299995
2944,267,O,266,69.9300003,49.4099998
2945,267,O,266,68.5800018,49.0200005
2946,267,O,266,67.2200012,48.6300011
2947,268,O,267,68.7300034,45.3800011
2948,268,O,267,68.0800018,45.2200012
2949,268,O,267,67.4400024,45.0699997
2950,268,O,267,66.7099991,46.2599983
2951,268,O,267,65.9800034,47.4399986
2952,268,O,267,66.5999985,48.0400009
2953,268,O,267,67.2200012,48.6300011
2954,268,O,267,68.5800018,49.0200005
2955,268,O,267,69.9300003,49.4099998
2956,268,O,267,69.3300018,47.4000015
2957,268,O,267,68.7300034,45.3800011
2958,269,O,268,68.7300034,45.3800011
2959,269,O,268,69.3300018,47.4000015
2960,269,O,268,69.9300003,49.4099998
2961,269,O,268,72.6399994,49.4599991
2962,269,O,268,75.3600006,49.5
2963,269,O,268,75.0400009,48.3600006
2964,269,O,268,74.7099991,47.2200012
2965,269,O,268,72.4499969,45.6199989
2966,269,O,268,68.7300034,45.3800011
2967,270,O,269,71.7399979,41.5900002
2968,270,O,269,71.1299973,41.3400002
2969,270,O,269,70.5199966,41.0900002
2970,270,O,269,69.6200027,43.2400017
2971,270,O,269,68.7300034,45.3800011
2972,270,O,269,72.4499969,45.6199989
2973,270,O,269,74.7099991,47.2200012
2974,270,O,269,74.8300018,46.5699997
2975,270,O,269,74.9499969,45.9199982
2976,270,O,269,74.8099976,44.7700005
2977,270,O,269,75,42.7400017
2978,270,O,269,73.3700027,42.1599998
2979,270,O,269,71.7399979,41.5900002
2980,271,O,270,72.5299988,38.4300003
2981,271,O,270,72.1399994,40.0099983
2982,271,O,270,71.7399979,41.5900002
2983,271,O,270,73.3700027,42.1599998
2984,271,O,270,75,42.7400017
2985,271,O,270,77.0699997,41.9000015
2986,271,O,270,79.4000015,42.8100014
2987,271,O,270,79.2900009,41.5200005
2988,271,O,270,79.1800003,40.2400017
2989,271,O,270,76.2900009,38.8100014
2990,271,O,270,73.4000015,37.3800011
2991,271,O,270,72.9599991,37.9000015
2992,271,O,270,72.5299988,38.4300003
2993,272,O,271,70.9000015,35.9399986
2994,272,O,271,71.7200012,37.1800003
2995,272,O,271,72.5299988,38.4300003
2996,272,O,271,72.9599991,37.9000015
2997,272,O,271,73.4000015,37.3800011
2998,272,O,271,73.6100006,36.3600006
2999,272,O,271,72.3799973,36.3600006
3000,272,O,271,72.1900024,35.5900002
3001,272,O,271,70.9000015,35.9399986
3002,273,O,272,72.6200027,32.9500008
3003,273,O,272,71.0800018,34.1699982
3004,273,O,272,70.9000015,35.9399986
3005,273,O,272,72.1900024,35.5900002
3006,273,O,272,72.3799973,36.3600006
3007,273,O,272,73.6100006,36.3600006
3008,273,O,272,73.4000015,37.3800011
3009,273,O,272,76.2900009,38.8100014
3010,273,O,272,79.1800003,40.2400017
3011,273,O,272,79.4800034,39.9199982
3012,273,O,272,79.7799988,39.6100006
3013,273,O,272,77.7300034,37.75
3014,273,O,272,74.0999985,32.9799995
3015,273,O,272,73.3600006,32.9599991
3016,273,O,272,72.6200027,32.9500008
3017,274,O,273,72.0299988,30.8400002
3018,274,O,273,72.3199997,31.8999996
3019,274,O,273,72.6200027,32.9500008
3020,274,O,273,73.3600006,32.9599991
3021,274,O,273,74.0999985,32.9799995
3022,274,O,273,75.2600021,32.0400009
3023,274,O,273,76.4100037,31.0900002
3024,274,O,273,75.5100021,30.2099991
3025,274,O,273,74.6100006,29.3299999
3026,274,O,273,73.3199997,30.0799999
3027,274,O,273,72.0299988,30.8400002
3028,275,O,274,70.9899979,27.9300003
3029,275,O,274,70.7799988,28.9599991
3030,275,O,274,70.5699997,29.9799995
3031,275,O,274,71.3000031,30.4099998
3032,275,O,274,72.0299988,30.8400002
3033,275,O,274,73.3199997,30.0799999
3034,275,O,274,74.6100006,29.3299999
3035,275,O,274,73.7200012,28.4599991
3036,275,O,274,72.8199997,27.6000004
3037,275,O,274,71.9000015,27.7600002
3038,275,O,274,70.9899979,27.9300003
3039,276,O,275,77.6200027,25.4300003
3040,276,O,275,76.3099976,24.9899998
3041,276,O,275,75.1999969,26.8899994
3042,276,O,275,72.8199997,27.6000004
3043,276,O,275,73.7200012,28.4599991
3044,276,O,275,74.6100006,29.3299999
3045,276,O,275,75.5100021,30.2099991
3046,276,O,275,76.4100037,31.0900002
3047,276,O,275,77.75,29.5400009
3048,276,O,275,78.5100021,27.9599991
3049,276,O,275,78.2200012,27.7000008
3050,276,O,275,77.9400024,27.4300003
3051,276,O,275,77.2399979,27.2900009
3052,276,O,275,77.6200027,25.4300003
3053,277,O,276,81.9800034,25.3999996
3054,277,O,276,79.2399979,25.9400005
3055,277,O,276,77.9400024,27.4300003
3056,277,O,276,78.2200012,27.7000008
3057,277,O,276,78.5100021,27.9599991
3058,277,O,276,80.0599976,29.0699997
3059,277,O,276,81.0899963,28.7000008
3060,277,O,276,82.5699997,29.1499996
3061,277,O,276,83.1399994,27.5699997
3062,277,O,276,82.1100006,26.6599998
3063,277,O,276,81.9800034,25.3999996
3064,278,O,277,78.5100021,27.9599991
3065,278,O,277,77.75,29.5400009
3066,278,O,277,76.4100037,31.0900002
3067,278,O,277,77.7699966,32.0800018
3068,278,O,277,79.1299973,33.0600014
3069,278,O,277,80.0400009,33.1399994
3070,278,O,277,83.0100021,31.1000004
3071,278,O,277,82.7900009,30.1200008
3072,278,O,277,82.5699997,29.1499996
3073,278,O,277,81.0899963,28.7000008
3074,278,O,277,80.0599976,29.0699997
3075,278,O,277,78.5100021,27.9599991
3076,279,O,278,74.0999985,32.9799995
3077,279,O,278,77.7300034,37.75
3078,279,O,278,79.7799988,39.6100006
3079,279,O,278,80.2399979,39.7099991
3080,279,O,278,80.7099991,39.8100014
3081,279,O,278,80.2699966,38.4900017
3082,279,O,278,80.7600021,37.4099998
3083,279,O,278,80.0199966,36.2900009
3084,279,O,278,79.7600021,34.9099998
3085,279,O,278,79.1299973,33.0600014
3086,279,O,278,77.7699966,32.0800018
3087,279,O,278,76.4100037,31.0900002
3088,279,O,278,75.2600021,32.0400009
3089,279,O,278,74.0999985,32.9799995
3090,280,O,279,80.7600021,37.4099998
3091,280,O,279,80.2699966,38.4900017
3092,280,O,279,80.7099991,39.8100014
3093,280,O,279,81.5699997,40.2000008
3094,280,O,279,82.8700027,39.4799995
3095,280,O,279,84.5500031,39.2200012
3096,280,O,279,84.7200012,38.8100014
3097,280,O,279,84.8799973,38.4000015
3098,280,O,279,84.5899963,37.2599983
3099,280,O,279,84.3000031,36.1300011
3100,280,O,279,82.7099991,36.4300003
3101,280,O,279,81.3600006,35.9799995
3102,280,O,279,80.7600021,37.4099998
3103,281,O,280,79.1800003,40.2400017
3104,281,O,280,79.2900009,41.5200005
3105,281,O,280,79.4000015,42.8100014
3106,281,O,280,82.9199982,44.0699997
3107,281,O,280,85.5599976,44.6599998
3108,281,O,280,84.9700012,43.7599983
3109,281,O,280,85.2200012,41.1399994
3110,281,O,280,84.8799973,40.1800003
3111,281,O,280,84.5500031,39.2200012
3112,281,O,280,82.8700027,39.4799995
3113,281,O,280,81.5699997,40.2000008
3114,281,O,280,80.7099991,39.8100014
3115,281,O,280,80.2399979,39.7099991
3116,281,O,280,79.7799988,39.6100006
3117,281,O,280,79.4800034,39.9199982
3118,281,O,280,79.1800003,40.2400017
3119,282,O,281,75,42.7400017
3120,282,O,281,74.8099976,44.7700005
3121,282,O,281,74.9499969,45.9199982
3122,282,O,281,77.1600037,46.1599998
3123,282,O,281,79.3799973,46.4000015
3124,282,O,281,79.3300018,45.3800011
3125,282,O,281,80.4000015,45.3199997
3126,282,O,281,79.9000015,44.0600014
3127,282,O,281,79.4000015,42.8100014
3128,282,O,281,77.0699997,41.9000015
3129,282,O,281,75,42.7400017
3130,283,O,282,74.7099991,47.2200012
3131,283,O,282,75.0400009,48.3600006
3132,283,O,282,75.3600006,49.5
3133,283,O,282,76.0400009,49.9300003
3134,283,O,282,76.7300034,50.3600006
3135,283,O,282,78.1200027,49.1399994
3136,283,O,282,80.1399994,48.8600006
3137,283,O,282,80.3199997,47.9000015
3138,283,O,282,80.5100021,46.9399986
3139,283,O,282,79.9400024,46.6699982
3140,283,O,282,79.3799973,46.4000015
3141,283,O,282,77.1600037,46.1599998
3142,283,O,282,74.9499969,45.9199982
3143,283,O,282,74.8300018,46.5699997
3144,283,O,282,74.7099991,47.2200012
3145,284,O,283,80.1399994,48.8600006
3146,284,O,283,78.1200027,49.1399994
3147,284,O,283,76.7300034,50.3600006
3148,284,O,283,76.2799988,51.2900009
3149,284,O,283,76.2699966,53.2299995
3150,284,O,283,78.2099991,52.5299988
3151,284,O,283,79.4899979,52.7900009
3152,284,O,283,81.3600006,52.4300003
3153,284,O,283,81.4499969,50.4000015
3154,284,O,283,80.1399994,48.8600006
3155,285,O,284,69.9300003,49.4099998
3156,285,O,284,72.0199966,50.7299995
3157,285,O,284,72.5800018,52.6699982
3158,285,O,284,74.5299988,53.7999992
3159,285,O,284,76.2699966,53.2299995
3160,285,O,284,76.2799988,51.2900009
3161,285,O,284,76.7300034,50.3600006
3162,285,O,284,76.0400009,49.9300003
3163,285,O,284,75.3600006,49.5
3164,285,O,284,72.6399994,49.4599991
3165,285,O,284,69.9300003,49.4099998
3166,286,O,285,69.7300034,55.7999992
3167,286,O,285,71.2900009,56.1899986
3168,286,O,285,72.8499985,56.5800018
3169,286,O,285,73.5500031,56.3199997
3170,286,O,285,74.25,56.0499992
3171,286,O,285,74.3499985,55.1500015
3172,286,O,285,73.4800034,54.7200012
3173,286,O,285,72.1600037,53.5600014
3174,286,O,285,71.8199997,53.6800003
3175,286,O,285,71.4700012,53.7999992
3176,286,O,285,70.5999985,54.7999992
3177,286,O,285,69.7300034,55.7999992
3178,287,O,286,72.8499985,56.5800018
3179,287,O,286,73.2900009,57.1199989
3180,287,O,286,73.7300034,57.6699982
3181,287,O,286,74.1399994,58.1100006
3182,287,O,286,74.5400009,58.5499992
3183,287,O,286,75.9300003,57.8499985
3184,287,O,286,77.0500031,55.2900009
3185,287,O,286,75.3000031,55.5
3186,287,O,286,74.9100037,57.1800003
3187,287,O,286,74.25,56.0499992
3188,287,O,286,73.5500031,56.3199997
3189,287,O,286,72.8499985,56.5800018
3190,288,O,287,74.5400009,58.5499992
3191,288,O,287,77.1200027,58.4199982
3192,288,O,287,78.2200012,59.1899986
3193,288,O,287,79.5999985,59.0099983
3194,288,O,287,80.9800034,58.8300018
3195,288,O,287,79.7799988,57.5299988
3196,288,O,287,81.4300003,57.7700005
3197,288,O,287,80.8899994,56.9700012
3198,288,O,287,80.6600037,56.6399994
3199,288,O,287,80.4400024,56.3100014
3200,288,O,287,79.4000015,56.2900009
3201,288,O,287,78.3700027,55.0099983
3202,288,O,287,77.0500031,55.2900009
3203,288,O,287,75.9300003,57.8499985
3204,288,O,287,74.5400009,58.5499992
3205,289,O,288,80.4400024,56.3100014
3206,289,O,288,80.6600037,56.6399994
3207,289,O,288,80.8899994,56.9700012
3208,289,O,288,83.2699966,55.5
3209,289,O,288,86.4199982,54.5099983
3210,289,O,288,87.4599991,54.3699989
3211,289,O,288,88.5100021,54.2299995
3212,289,O,288,88.4599991,53.8400002
3213,289,O,288,88.4100037,53.4399986
3214,289,O,288,87.0999985,53.1699982
3215,289,O,288,85.8000031,52.9000015
3216,289,O,288,84.6299973,52.6599998
3217,289,O,288,83.4599991,52.4199982
3218,289,O,288,81.6900024,54.7099991
3219,289,O,288,80.0599976,55.3100014
3220,289,O,288,80.4400024,56.3100014
3221,290,O,289,83.4599991,52.4199982
3222,290,O,289,84.6299973,52.6599998
3223,290,O,289,85.8000031,52.9000015
3224,290,O,289,87.1800003,51.4700012
3225,290,O,289,87.9100037,50
3226,290,O,289,88.1699982,48.9199982
3227,290,O,289,88.4300003,47.8499985
3228,290,O,289,86.5100021,48.2099991
3229,290,O,289,85.3000031,49.25
3230,290,O,289,84.7799988,50.0900002
3231,290,O,289,84.2600021,50.9300003
3232,290,O,289,83.8600006,51.6800003
3233,290,O,289,83.4599991,52.4199982
3234,291,O,290,80.5100021,46.9399986
3235,291,O,290,80.3199997,47.9000015
3236,291,O,290,80.1399994,48.8600006
3237,291,O,290,81.4499969,50.4000015
3238,291,O,290,81.3600006,52.4300003
3239,291,O,290,82.5100021,51.6899986
3240,291,O,290,84.2600021,50.9300003
3241,291,O,290,84.7799988,50.0900002
3242,291,O,290,85.3000031,49.25
3243,291,O,290,85.0899963,48.9000015
3244,291,O,290,84.8799973,48.5499992
3245,291,O,290,82.6999969,47.7400017
3246,291,O,290,80.5100021,46.9399986
3247,292,O,291,85.3000031,49.25
3248,292,O,291,86.5100021,48.2099991
3249,292,O,291,88.4300003,47.8499985
3250,292,O,291,88.7799988,46.4799995
3251,292,O,291,89.1200027,45.1100006
3252,292,O,291,87.3399963,44.8800011
3253,292,O,291,85.5599976,44.6599998
3254,292,O,291,84.7399979,45.4599991
3255,292,O,291,84.8799973,48.5499992
3256,292,O,291,85.0899963,48.9000015
3257,292,O,291,85.3000031,49.25
3258,293,O,292,85.2200012,41.1399994
3259,293,O,292,84.9700012,43.7599983
3260,293,O,292,85.5599976,44.6599998
3261,293,O,292,87.3399963,44.8800011
3262,293,O,292,89.1200027,45.1100006
3263,293,O,292,90.4599991,43.5
3264,293,O,292,91.8000031,41.8800011
3265,293,O,292,90.9400024,41.0999985
3266,293,O,292,90.0800018,40.3300018
3267,293,O,292,88.0199966,41.2799988
3268,293,O,292,85.2200012,41.1399994
3269,294,O,293,84.8799973,38.4000015
3270,294,O,293,84.7200012,38.8100014
3271,294,O,293,84.5500031,39.2200012
3272,294,O,293,84.8799973,40.1800003
3273,294,O,293,85.2200012,41.1399994
3274,294,O,293,88.0199966,41.2799988
3275,294,O,293,90.0800018,40.3300018
3276,294,O,293,91.2099991,38.4199982
3277,294,O,293,90.5699997,37.0099983
3278,294,O,293,87.6999969,38.2999992
3279,294,O,293,84.8799973,38.4000015
3280,295,O,294,84.3000031,36.1300011
3281,295,O,294,84.5899963,37.2599983
3282,295,O,294,84.8799973,38.4000015
3283,295,O,294,87.6999969,38.2999992
3284,295,O,294,90.5699997,37.0099983
3285,295,O,294,90.9300003,35.6100006
3286,295,O,294,90.3000031,34.5499992
3287,295,O,294,90.8499985,33.5499992
3288,295,O,294,90.6100006,32.5
3289,295,O,294,90.25,32.6599998
3290,295,O,294,89.8899994,32.8100014
3291,295,O,294,86.9800034,34.8199997
3292,295,O,294,84.4499969,34.7000008
3293,295,O,294,84.3799973,35.4199982
3294,295,O,294,84.3000031,36.1300011
3295,296,O,295,82.5699997,29.1499996
3296,296,O,295,82.7900009,30.1200008
3297,296,O,295,83.0100021,31.1000004
3298,296,O,295,84.4599991,31.4599991
3299,296,O,295,84.4499969,34.7000008
3300,296,O,295,86.9800034,34.8199997
3301,296,O,295,89.8899994,32.8100014
3302,296,O,295,88.8399963,30.4799995
3303,296,O,295,87.8000031,28.1499996
3304,296,O,295,86.0800018,29.5699997
3305,296,O,295,82.5699997,29.1499996
3306,297,O,296,82.5800018,24.2900009
3307,297,O,296,82.2799988,24.8400002
3308,297,O,296,81.9800034,25.3999996
3309,297,O,296,82.1100006,26.6599998
3310,297,O,296,83.1399994,27.5699997
3311,297,O,296,82.5699997,29.1499996
3312,297,O,296,86.0800018,29.5699997
3313,297,O,296,87.8000031,28.1499996
3314,297,O,296,88.4599991,27.3600006
3315,297,O,296,89.1299973,26.5799999
3316,297,O,296,88.0100021,25.2800007
3317,297,O,296,86.5299988,24.5699997
3318,297,O,296,85.25,25.5
3319,297,O,296,82.5800018,24.2900009
3320,298,O,297,90.3600006,27.3199997
3321,298,O,297,89.7399979,26.9500008
3322,298,O,297,89.1299973,26.5799999
3323,298,O,297,88.4599991,27.3600006
3324,298,O,297,87.8000031,28.1499996
3325,298,O,297,88.8399963,30.4799995
3326,298,O,297,89.8899994,32.8100014
3327,298,O,297,90.25,32.6599998
3328,298,O,297,90.6100006,32.5
3329,298,O,297,90.5299988,31.1100006
3330,298,O,297,91.8300018,32.75
3331,298,O,297,93.4899979,31.5699997
3332,298,O,297,94.5999985,29.7099991
3333,298,O,297,95.5599976,29.9099998
3334,298,O,297,95.6500015,29.0100002
3335,298,O,297,95.7399979,28.1100006
3336,298,O,297,93.1800003,28.5900002
3337,298,O,297,90.3600006,27.3199997
3338,299,O,298,90.6100006,32.5
3339,299,O,298,90.8499985,33.5499992
3340,299,O,298,90.3000031,34.5499992
3341,299,O,298,90.9300003,35.6100006
3342,299,O,298,90.5699997,37.0099983
3343,299,O,298,92.2200012,36.3699989
3344,299,O,298,93.8600006,35.7299995
3345,299,O,298,94.5199966,33.5699997
3346,299,O,298,94.4899979,31.6299992
3347,299,O,298,95.75,30.7199993
3348,299,O,298,95.6600037,30.3199997
3349,299,O,298,95.5599976,29.9099998
3350,299,O,298,94.5999985,29.7099991
3351,299,O,298,93.4899979,31.5699997
3352,299,O,298,91.8300018,32.75
3353,299,O,298,90.5299988,31.1100006
3354,299,O,298,90.6100006,32.5
3355,300,O,299,90.0800018,40.3300018
3356,300,O,299,90.9400024,41.0999985
3357,300,O,299,91.8000031,41.8800011
3358,300,O,299,92.8000031,41.8199997
3359,300,O,299,93.7900009,41.7599983
3360,300,O,299,94.6500015,39.3499985
3361,300,O,299,97.2300034,37.5099983
3362,300,O,299,96.5,37.1300011
3363,300,O,299,95.7699966,36.75
3364,300,O,299,94.8199997,36.2400017
3365,300,O,299,93.8600006,35.7299995
3366,300,O,299,92.2200012,36.3699989
3367,300,O,299,90.5699997,37.0099983
3368,300,O,299,91.2099991,38.4199982
3369,300,O,299,90.0800018,40.3300018
3370,301,O,300,89.1200027,45.1100006
3371,301,O,300,88.7799988,46.4799995
3372,301,O,300,88.4300003,47.8499985
3373,301,O,300,89.8000031,47.2700005
3374,301,O,300,91.1699982,46.6899986
3375,301,O,300,91.5400009,45.5200005
3376,301,O,300,93.6100006,44.3199997
3377,301,O,300,95.0999985,43.5400009
3378,301,O,300,96.5800018,42.7599983
3379,301,O,300,95.1800003,42.2599983
3380,301,O,300,93.7900009,41.7599983
3381,301,O,300,92.8000031,41.8199997
3382,301,O,300,91.8000031,41.8800011
3383,301,O,300,90.4599991,43.5
3384,301,O,300,89.1200027,45.1100006
3385,302,O,301,88.4300003,47.8499985
3386,302,O,301,88.1699982,48.9199982
3387,302,O,301,87.9100037,50
3388,302,O,301,88.2900009,49.8600006
3389,302,O,301,88.6699982,49.7299995
3390,302,O,301,90.0599976,49.0400009
3391,302,O,301,92.0899963,49.9399986
3392,302,O,301,94.0100021,50.0299988
3393,302,O,301,93.5599976,48.4900017
3394,302,O,301,93.1100006,46.9500008
3395,302,O,301,92.1399994,46.8199997
3396,302,O,301,91.1699982,46.6899986
3397,302,O,301,89.8000031,47.2700005
3398,302,O,301,88.4300003,47.8499985
3399,303,O,302,85.8000031,52.9000015
3400,303,O,302,87.0999985,53.1699982
3401,303,O,302,88.4100037,53.4399986
3402,303,O,302,89.2900009,53.2299995
3403,303,O,302,90.1699982,53.0200005
3404,303,O,302,90.8399963,51.8400002
3405,303,O,302,91.5100021,50.6699982
3406,303,O,302,90.0899963,50.2000008
3407,303,O,302,88.6699982,49.7299995
3408,303,O,302,88.2900009,49.8600006
3409,303,O,302,87.9100037,50
3410,303,O,302,87.1800003,51.4700012
3411,303,O,302,85.8000031,52.9000015
3412,304,O,303,80.9800034,58.8300018
3413,304,O,303,82,59.8400002
3414,304,O,303,83.8300018,58.9099998
3415,304,O,303,85.3499985,57.9599991
3416,304,O,303,85.7200012,57.1199989
3417,304,O,303,86.0899963,56.2700005
3418,304,O,303,86.2600021,55.3899994
3419,304,O,303,86.4199982,54.5099983
3420,304,O,303,83.2699966,55.5
3421,304,O,303,80.8899994,56.9700012
3422,304,O,303,81.4300003,57.7700005
3423,304,O,303,79.7799988,57.5299988
3424,304,O,303,80.9800034,58.8300018
3425,305,O,304,88.5100021,54.2299995
3426,305,O,304,87.4599991,54.3699989
3427,305,O,304,86.4199982,54.5099983
3428,305,O,304,86.2600021,55.3899994
3429,305,O,304,86.0899963,56.2700005
3430,305,O,304,88.0400009,55.7099991
3431,305,O,304,89.9800034,55.1500015
3432,305,O,304,89.2399979,54.6899986
3433,305,O,304,88.5100021,54.2299995
3434,306,O,305,86.0899963,56.2700005
3435,306,O,305,85.7200012,57.1199989
3436,306,O,305,85.3499985,57.9599991
3437,306,O,305,88.2200012,57.3499985
3438,306,O,305,90.1800003,58.0099983
3439,306,O,305,90.0800018,56.5800018
3440,306,O,305,89.9800034,55.1500015
3441,306,O,305,88.0400009,55.7099991
3442,306,O,305,86.0899963,56.2700005
3443,307,O,306,85.3499985,57.9599991
3444,307,O,306,85.3399963,59.7299995
3445,307,O,306,85.8199997,61.6100006
3446,307,O,306,87.2600021,62.3100014
3447,307,O,306,88.7099991,63.0099983
3448,307,O,306,89.8399963,62.6599998
3449,307,O,306,90.9599991,62.3100014
3450,307,O,306,90.0999985,59.9700012
3451,307,O,306,90.1800003,58.0099983
3452,307,O,306,88.2200012,57.3499985
3453,307,O,306,85.3499985,57.9599991
3454,308,O,307,91.6399994,63.75
3455,308,O,307,93.3000031,63.6699982
3456,308,O,307,94.9599991,63.5900002
3457,308,O,307,94.8499985,62.8800011
3458,308,O,307,94.7399979,62.1800003
3459,308,O,307,96.1999969,59.6800003
3460,308,O,307,95,58.0999985
3461,308,O,307,92.5899963,58.0600014
3462,308,O,307,90.1800003,58.0099983
3463,308,O,307,90.0999985,59.9700012
3464,308,O,307,90.9599991,62.3100014
3465,308,O,307,91.3000031,63.0299988
3466,308,O,307,91.6399994,63.75
3467,309,O,308,88.4100037,53.4399986
3468,309,O,308,88.4599991,53.8400002
3469,309,O,308,88.5100021,54.2299995
3470,309,O,308,89.2399979,54.6899986
3471,309,O,308,89.9800034,55.1500015
3472,309,O,308,90.0800018,56.5800018
3473,309,O,308,90.1800003,58.0099983
3474,309,O,308,92.5899963,58.0600014
3475,309,O,308,95,58.0999985
3476,309,O,308,94.4000015,55.9199982
3477,309,O,308,93.7900009,53.75
3478,309,O,308,91.9800034,53.3800011
3479,309,O,308,90.1699982,53.0200005
3480,309,O,308,89.2900009,53.2299995
3481,309,O,308,88.4100037,53.4399986
3482,310,O,309,91.5100021,50.6699982
3483,310,O,309,90.8399963,51.8400002
3484,310,O,309,90.1699982,53.0200005
3485,310,O,309,91.9800034,53.3800011
3486,310,O,309,93.7900009,53.75
3487,310,O,309,95.9400024,53.2900009
3488,310,O,309,98.0800018,52.8300018
3489,310,O,309,97.7099991,52.0800018
3490,310,O,309,97.3399963,51.3400002
3491,310,O,309,93.5100021,51.1699982
3492,310,O,309,91.5100021,50.6699982
3493,311,O,310,97.6100006,46.7200012
3494,311,O,310,96.8300018,46.5900002
3495,311,O,310,96.0500031,46.4599991
3496,311,O,310,94.5800018,46.7000008
3497,311,O,310,93.1100006,46.9500008
3498,311,O,310,93.5599976,48.4900017
3499,311,O,310,94.0100021,50.0299988
3500,311,O,310,95.5800018,50.2700005
3501,311,O,310,97.1500015,50.5099983
3502,311,O,310,98.1600037,48.9399986
3503,311,O,310,99.1800003,47.3800011
3504,311,O,310,98.4000015,47.0499992
3505,311,O,310,97.6100006,46.7200012
3506,312,O,311,96.5800018,42.7599983
3507,312,O,311,95.0999985,43.5400009
3508,312,O,311,93.6100006,44.3199997
3509,312,O,311,93.3600006,45.6399994
3510,312,O,311,93.1100006,46.9500008
3511,312,O,311,94.5800018,46.7000008
3512,312,O,311,96.0500031,46.4599991
3513,312,O,311,97.4899979,45.2999992
3514,312,O,311,98.9300003,44.1300011
3515,312,O,311,97.7600021,43.4399986
3516,312,O,311,96.5800018,42.7599983
3517,313,O,312,97.2300034,37.5099983
3518,313,O,312,94.6500015,39.3499985
3519,313,O,312,93.7900009,41.7599983
3520,313,O,312,95.1800003,42.2599983
3521,313,O,312,96.5800018,42.7599983
3522,313,O,312,98.2200012,41.2400017
3523,313,O,312,100.9400024,39.9799995
3524,313,O,312,100.0599976,38.7000008
3525,313,O,312,97.2300034,37.5099983
3526,314,O,313,96.5800018,42.7599983
3527,314,O,313,97.7600021,43.4399986
3528,314,O,313,98.9300003,44.1300011
3529,314,O,313,100.1100006,43.6300011
3530,314,O,313,100.9599991,42.1599998
3531,314,O,313,102.1600037,42.3400002
3532,314,O,313,102.6200027,41.2099991
3533,314,O,313,103.0899963,40.0800018
3534,314,O,313,102.0199966,40.0299988
3535,314,O,313,100.9400024,39.9799995
3536,314,O,313,98.2200012,41.2400017
3537,314,O,313,96.5800018,42.7599983
3538,315,O,314,95.7699966,36.75
3539,315,O,314,96.5,37.1300011
3540,315,O,314,97.2300034,37.5099983
3541,315,O,314,100.0599976,38.7000008
3542,315,O,314,100.9400024,39.9799995
3543,315,O,314,102.1200027,38.4099998
3544,315,O,314,103.3099976,36.8400002
3545,315,O,314,100.9100037,33.8899994
3546,315,O,314,97.8499985,31.6900005
3547,315,O,314,97.7200012,34.1399994
3548,315,O,314,95.7699966,36.75
3549,316,O,315,95.75,30.7199993
3550,316,O,315,94.4899979,31.6299992
3551,316,O,315,94.5199966,33.5699997
3552,316,O,315,93.8600006,35.7299995
3553,316,O,315,94.8199997,36.2400017
3554,316,O,315,95.7699966,36.75
3555,316,O,315,97.7200012,34.1399994
3556,316,O,315,97.8499985,31.6900005
3557,316,O,315,96.8000031,31.2000008
3558,316,O,315,95.75,30.7199993
3559,317,O,316,101.75,28.3400002
3560,317,O,316,99.9599991,27.3899994
3561,317,O,316,98.1600037,26.4400005
3562,317,O,316,96.9499969,27.2800007
3563,317,O,316,95.7399979,28.1100006
3564,317,O,316,95.6500015,29.0100002
3565,317,O,316,95.5599976,29.9099998
3566,317,O,316,95.6600037,30.3199997
3567,317,O,316,95.75,30.7199993
3568,317,O,316,96.8000031,31.2000008
3569,317,O,316,97.8499985,31.6900005
3570,317,O,316,99.5100021,30.5699997
3571,317,O,316,101.5999985,30.0900002
3572,317,O,316,101.6800003,29.2199993
3573,317,O,316,101.75,28.3400002
3574,318,O,317,92.9599991,23.5900002
3575,318,O,317,90.8099976,24.7199993
3576,318,O,317,90.3600006,27.3199997
3577,318,O,317,93.1800003,28.5900002
3578,318,O,317,95.7399979,28.1100006
3579,318,O,317,96.9499969,27.2800007
3580,318,O,317,98.1600037,26.4400005
3581,318,O,317,97.8199997,25.6599998
3582,318,O,317,97.4700012,24.8899994
3583,318,O,317,95.2200012,24.2399998
3584,318,O,317,92.9599991,23.5900002
3585,319,O,318,106.4300003,32.1899986
3586,319,O,318,104.0199966,31.1399994
3587,319,O,318,101.5999985,30.0900002
3588,319,O,318,99.5100021,30.5699997
3589,319,O,318,97.8499985,31.6900005
3590,319,O,318,100.9100037,33.8899994
3591,319,O,318,103.3099976,36.8400002
3592,319,O,318,104.2200012,35.7400017
3593,319,O,318,105.1399994,34.6300011
3594,319,O,318,105.3700027,32.8600006
3595,319,O,318,106.4300003,32.1899986
3596,320,O,319,100.9400024,39.9799995
3597,320,O,319,102.0199966,40.0299988
3598,320,O,319,103.0899963,40.0800018
3599,320,O,319,105.2300034,40.4000015
3600,320,O,319,107.6800003,39.0400009
3601,320,O,319,106.2300034,37.4000015
3602,320,O,319,106.4300003,35.5499992
3603,320,O,319,105.7799988,35.0900002
3604,320,O,319,105.1399994,34.6300011
3605,320,O,319,104.2200012,35.7400017
3606,320,O,319,103.3099976,36.8400002
3607,320,O,319,102.1200027,38.4099998
3608,320,O,319,100.9400024,39.9799995
3609,321,O,320,106.4300003,35.5499992
3610,321,O,320,106.2300034,37.4000015
3611,321,O,320,107.6800003,39.0400009
3612,321,O,320,109.1200027,38.8300018
3613,321,O,320,111.0800018,39.7599983
3614,321,O,320,112.8099976,39.0999985
3615,321,O,320,111.2900009,37.7299995
3616,321,O,320,109.3000031,36.5600014
3617,321,O,320,107.8600006,36.0600014
3618,321,O,320,106.4300003,35.5499992
3619,322,O,321,106.4300003,32.1899986
3620,322,O,321,105.3700027,32.8600006
3621,322,O,321,105.1399994,34.6300011
3622,322,O,321,105.7799988,35.0900002
3623,322,O,321,106.4300003,35.5499992
3624,322,O,321,107.8600006,36.0600014
3625,322,O,321,109.3000031,36.5600014
3626,322,O,321,111.9300003,36.2299995
3627,322,O,321,113.0400009,35.2599983
3628,322,O,321,111.3499985,34.1300011
3629,322,O,321,109.6600037,33
3630,322,O,321,108.0400009,32.5999985
3631,322,O,321,106.4300003,32.1899986
3632,323,O,322,107.3499985,29.6299992
3633,323,O,322,106.8899994,30.9099998
3634,323,O,322,106.4300003,32.1899986
3635,323,O,322,108.0400009,32.5999985
3636,323,O,322,109.6600037,33
3637,323,O,322,110.4000015,32.2999992
3638,323,O,322,111.1500015,31.6000004
3639,323,O,322,110.6299973,31
3640,323,O,322,110.1100006,30.3999996
3641,323,O,322,108.7300034,30.0200005
3642,323,O,322,107.3499985,29.6299992
3643,324,O,323,105.3499985,27.2600002
3644,324,O,323,106.3499985,28.4400005
3645,324,O,323,107.3499985,29.6299992
3646,324,O,323,108.7300034,30.0200005
3647,324,O,323,110.1100006,30.3999996
3648,324,O,323,109.6100006,26.5200005
3649,324,O,323,110.3099976,25.3999996
3650,324,O,323,109.3399963,24.6800003
3651,324,O,323,108.3799973,23.9500008
3652,324,O,323,106.3700027,25.3099995
3653,324,O,323,105.3499985,27.2600002
3654,325,O,324,102.4199982,24.8400002
3655,325,O,324,101.5400009,26.3500004
3656,325,O,324,103.0199966,26.2000008
3657,325,O,324,104.1100006,27.2299995
3658,325,O,324,104.7300034,27.2399998
3659,325,O,324,105.3499985,27.2600002
3660,325,O,324,106.3700027,25.3099995
3661,325,O,324,108.3799973,23.9500008
3662,325,O,324,105.9899979,22.6599998
3663,325,O,324,103.0899963,22.1399994
3664,325,O,324,102.7600021,23.4899998
3665,325,O,324,102.4199982,24.8400002
3666,326,O,325,97.6299973,20.6000004
3667,326,O,325,97.9899979,21.2600002
3668,326,O,325,98.3499985,21.9099998
3669,326,O,325,99.2799988,21.7600002
3670,326,O,325,100.0199966,23.4599991
3671,326,O,325,102.4199982,24.8400002
3672,326,O,325,102.7600021,23.4899998
3673,326,O,325,103.0899963,22.1399994
3674,326,O,325,100.6100006,20.7999992
3675,326,O,325,98.1299973,19.4699993
3676,326,O,325,97.8799973,20.0400009
3677,326,O,325,97.6299973,20.6000004
3678,327,O,326,87.0999985,21.2399998
3679,327,O,326,88.1800003,21.4599991
3680,327,O,326,89.25,21.6900005
3681,327,O,326,90.5299988,20.6100006
3682,327,O,326,94.4700012,20.9899998
3683,327,O,326,94.9199982,20.2099991
3684,327,O,326,97.6299973,20.6000004
3685,327,O,326,97.8799973,20.0400009
3686,327,O,326,98.1299973,19.4699993
3687,327,O,326,98.5500031,18.5200005
3688,327,O,326,98.9700012,17.5799999
3689,327,O,326,97.8000031,17.2999992
3690,327,O,326,97.3199997,16.7800007
3691,327,O,326,96.1999969,16.3799992
3692,327,O,326,96.1200027,18.7600002
3693,327,O,326,88.1900024,18.7099991
3694,327,O,326,87.6399994,19.9799995
3695,327,O,326,87.0999985,21.2399998
3696,328,O,327,81.9499969,19.6800003
3697,328,O,327,84.5199966,20.4599991
3698,328,O,327,87.0999985,21.2399998
3699,328,O,327,87.6399994,19.9799995
3700,328,O,327,88.1900024,18.7099991
3701,328,O,327,88.1999969,17.6200008
3702,328,O,327,88.2200012,16.5300007
3703,328,O,327,87,16.1299992
3704,328,O,327,85.7900009,15.7299995
3705,328,O,327,83.8700027,17.7000008
3706,328,O,327,81.9499969,19.6800003
3707,329,O,328,81.5599976,15.1300001
3708,329,O,328,80.3799973,15.8100004
3709,329,O,328,79.2200012,17.3099995
3710,329,O,328,80.5800018,18.5
3711,329,O,328,81.9499969,19.6800003
3712,329,O,328,83.8700027,17.7000008
3713,329,O,328,85.7900009,15.7299995
3714,329,O,328,84.8000031,15.3699999
3715,329,O,328,83.8000031,15.0100002
3716,329,O,328,82.6800003,15.0699997
3717,329,O,328,81.5599976,15.1300001
3718,330,O,329,98.1299973,19.4699993
3719,330,O,329,100.6100006,20.7999992
3720,330,O,329,103.0899963,22.1399994
3721,330,O,329,104.3899994,20.0400009
3722,330,O,329,105.6900024,17.9300003
3723,330,O,329,100.0400009,18.3600006
3724,330,O,329,98.9700012,17.5799999
3725,330,O,329,98.5500031,18.5200005
3726,330,O,329,98.1299973,19.4699993
3727,331,O,330,98.9700012,17.5799999
3728,331,O,330,100.0400009,18.3600006
3729,331,O,330,105.6900024,17.9300003
3730,331,O,330,106.3700027,17.3400002
3731,331,O,330,106.4199982,16.2199993
3732,331,O,330,105.9400024,15.4399996
3733,331,O,330,106.2799988,14.46
3734,331,O,330,102.7300034,15.6099997
3735,331,O,330,102.3099976,14.2799997
3736,331,O,330,101.0299988,14.54
3737,331,O,330,99.75,14.8100004
3738,331,O,330,99.3600006,16.2000008
3739,331,O,330,98.9700012,17.5799999
3740,332,O,331,106.3099976,9.2600002
3741,332,O,331,105.0400009,11.3299999
3742,332,O,331,103.8300018,12.2600002
3743,332,O,331,102.5800018,12.6800003
3744,332,O,331,102.4400024,13.4799995
3745,332,O,331,102.3099976,14.2799997
3746,332,O,331,102.7300034,15.6099997
3747,332,O,331,106.2799988,14.46
3748,332,O,331,105.9400024,15.4399996
3749,332,O,331,106.4199982,16.2199993
3750,332,O,331,109.0500031,15.04
3751,332,O,331,109.8600006,13.7299995
3752,332,O,331,108.9100037,12.6899996
3753,332,O,331,108.5,10.3800001
3754,332,O,331,107.4000015,9.8199997
3755,332,O,331,106.3099976,9.2600002
3756,333,O,332,110.3499985,9.5600004
3757,333,O,332,109.4199982,9.9700003
3758,333,O,332,108.5,10.3800001
3759,333,O,332,108.9100037,12.6899996
3760,333,O,332,109.8600006,13.7299995
3761,333,O,332,111,12.7799997
3762,333,O,332,111.5299988,13.5900002
3763,333,O,332,113.1600037,12.8900003
3764,333,O,332,112.8099976,10.9399996
3765,333,O,332,112.4599991,8.9899998
3766,333,O,332,111.4000015,9.2799997
3767,333,O,332,110.3499985,9.5600004
3768,334,O,333,96.1999969,16.3799992
3769,334,O,333,97.3199997,16.7800007
3770,334,O,333,97.8000031,17.2999992
3771,334,O,333,98.9700012,17.5799999
3772,334,O,333,99.3600006,16.2000008
3773,334,O,333,99.75,14.8100004
3774,334,O,333,97.9800034,14.9799995
3775,334,O,333,96.2099991,15.1499996
3776,334,O,333,96.1999969,15.7600002
3777,334,O,333,96.1999969,16.3799992
3778,335,O,334,106.4199982,16.2199993
3779,335,O,334,106.3700027,17.3400002
3780,335,O,334,105.6900024,17.9300003
3781,335,O,334,107.9800034,18.3999996
3782,335,O,334,110.2799988,18.8600006
3783,335,O,334,113.5199966,15.96
3784,335,O,334,114.5,16.0699997
3785,335,O,334,116.3600006,14.4799995
3786,335,O,334,115.1100006,14.3100004
3787,335,O,334,114.75,13.5
3788,335,O,334,113.1600037,12.8900003
3789,335,O,334,111.5299988,13.5900002
3790,335,O,334,111,12.7799997
3791,335,O,334,109.8600006,13.7299995
3792,335,O,334,109.0500031,15.04
3793,335,O,334,106.4199982,16.2199993
3794,336,O,335,103.0899963,22.1399994
3795,336,O,335,105.9899979,22.6599998
3796,336,O,335,108.3799973,23.9500008
3797,336,O,335,109.8700027,22.0799999
3798,336,O,335,111.3600006,20.2099991
3799,336,O,335,110.8199997,19.5400009
3800,336,O,335,110.2799988,18.8600006
3801,336,O,335,107.9800034,18.3999996
3802,336,O,335,105.6900024,17.9300003
3803,336,O,335,104.3899994,20.0400009
3804,336,O,335,103.0899963,22.1399994
3805,337,O,336,108.3799973,23.9500008
3806,337,O,336,109.3399963,24.6800003
3807,337,O,336,110.3099976,25.3999996
3808,337,O,336,112.2200012,24.2399998
3809,337,O,336,113.0400009,22.6299992
3810,337,O,336,114.3700027,20.6000004
3811,337,O,336,115.9400024,19.3199997
3812,337,O,336,115.4899979,18.8500004
3813,337,O,336,115.0400009,18.3799992
3814,337,O,336,113.9000015,18.8799992
3815,337,O,336,112.7699966,19.3799992
3816,337,O,336,112.0599976,19.7999992
3817,337,O,336,111.3600006,20.2099991
3818,337,O,336,109.8700027,22.0799999
3819,337,O,336,108.3799973,23.9500008
3820,338,O,337,110.1100006,30.3999996
3821,338,O,337,110.6299973,31
3822,338,O,337,111.1500015,31.6000004
3823,338,O,337,112.3700027,32.5800018
3824,338,O,337,114.7799988,32.6500015
3825,338,O,337,114.4800034,31.9200001
3826,338,O,337,114.1800003,31.2000008
3827,338,O,337,113.2099991,30.7600002
3828,338,O,337,114.5299988,26.3299999
3829,338,O,337,112.4199982,25.8600006
3830,338,O,337,110.3099976,25.3999996
3831,338,O,337,109.6100006,26.5200005
3832,338,O,337,110.1100006,30.3999996
3833,339,O,338,109.6600037,33
3834,339,O,338,111.3499985,34.1300011
3835,339,O,338,113.0400009,35.2599983
3836,339,O,338,114.3399963,35.3800011
3837,339,O,338,115.6299973,35.5099983
3838,339,O,338,115.1999969,34.0800018
3839,339,O,338,114.7799988,32.6500015
3840,339,O,338,112.3700027,32.5800018
3841,339,O,338,111.1500015,31.6000004
3842,339,O,338,110.4000015,32.2999992
3843,339,O,338,109.6600037,33
3844,340,O,339,109.3000031,36.5600014
3845,340,O,339,111.2900009,37.7299995
3846,340,O,339,112.8099976,39.0999985
3847,340,O,339,114.1200027,38.5600014
3848,340,O,339,115.4300003,38.0200005
3849,340,O,339,115.5299988,36.7599983
3850,340,O,339,115.6299973,35.5099983
3851,340,O,339,114.3399963,35.3800011
3852,340,O,339,113.0400009,35.2599983
3853,340,O,339,111.9300003,36.2299995
3854,340,O,339,109.3000031,36.5600014
3855,341,O,340,115.6299973,35.5099983
3856,341,O,340,115.5299988,36.7599983
3857,341,O,340,115.4300003,38.0200005
3858,341,O,340,117.6999969,40.0299988
3859,341,O,340,119.2600021,42.4399986
3860,341,O,340,119.8000031,42.6899986
3861,341,O,340,120.3399963,42.9399986
3862,341,O,340,120.2399979,40.5999985
3863,341,O,340,120.9199982,37.1899986
3864,341,O,340,119.3700027,35.4700012
3865,341,O,340,117.5,35.4900017
3866,341,O,340,115.6299973,35.5099983
3867,342,O,341,114.1800003,31.2000008
3868,342,O,341,114.4800034,31.9200001
3869,342,O,341,114.7799988,32.6500015
3870,342,O,341,115.1999969,34.0800018
3871,342,O,341,115.6299973,35.5099983
3872,342,O,341,117.5,35.4900017
3873,342,O,341,119.3700027,35.4700012
3874,342,O,341,120.1200027,34.6300011
3875,342,O,341,120.8600006,33.7900009
3876,342,O,341,117.7600021,32.2999992
3877,342,O,341,117.1800003,30.4899998
3878,342,O,341,115.6800003,30.8400002
3879,342,O,341,114.1800003,31.2000008
3880,343,O,342,114.5299988,26.3299999
3881,343,O,342,113.2099991,30.7600002
3882,343,O,342,114.1800003,31.2000008
3883,343,O,342,115.6800003,30.8400002
3884,343,O,342,117.1800003,30.4899998
3885,343,O,342,117.0299988,29.1200008
3886,343,O,342,116.8799973,27.75
3887,343,O,342,115.6999969,27.0400009
3888,343,O,342,114.5299988,26.3299999
3889,344,O,343,115.9400024,19.3199997
3890,344,O,343,114.3700027,20.6000004
3891,344,O,343,113.0400009,22.6299992
3892,344,O,343,112.2200012,24.2399998
3893,344,O,343,110.3099976,25.3999996
3894,344,O,343,112.4199982,25.8600006
3895,344,O,343,114.5299988,26.3299999
3896,344,O,343,115.9199982,24.1800003
3897,344,O,343,118.0100021,21.8400002
3898,344,O,343,119.6200027,20.5400009
3899,344,O,343,117.7799988,19.9300003
3900,344,O,343,115.9400024,19.3199997
3901,345,O,344,116.3600006,14.4799995
3902,345,O,344,114.5,16.0699997
3903,345,O,344,113.5199966,15.96
3904,345,O,344,110.2799988,18.8600006
3905,345,O,344,110.8199997,19.5400009
3906,345,O,344,111.3600006,20.2099991
3907,345,O,344,112.0599976,19.7999992
3908,345,O,344,112.7699966,19.3799992
3909,345,O,344,113.4800034,17.8500004
3910,345,O,344,115.0400009,18.3799992
3911,345,O,344,115.4899979,18.8500004
3912,345,O,344,115.9400024,19.3199997
3913,345,O,344,116.8600006,18.1900005
3914,345,O,344,116.6800003,16.8700008
3915,345,O,344,116.5199966,15.6800003
3916,345,O,344,116.3600006,14.4799995
3917,346,O,345,117.8899994,8.3800001
3918,346,O,345,115.1800003,8.6800003
3919,346,O,345,112.4599991,8.9899998
3920,346,O,345,112.8099976,10.9399996
3921,346,O,345,113.1600037,12.8900003
3922,346,O,345,114.75,13.5
3923,346,O,345,115.1100006,14.3100004
3924,346,O,345,116.3600006,14.4799995
3925,346,O,345,117.2399979,13.2299995
3926,346,O,345,118.6999969,12.1300001
3927,346,O,345,117.8899994,8.3800001
3928,347,O,346,121.3399963,7.3299999
3929,347,O,346,119.6200027,7.8600001
3930,347,O,346,117.8899994,8.3800001
3931,347,O,346,118.6999969,12.1300001
3932,347,O,346,117.2399979,13.2299995
3933,347,O,346,116.3600006,14.4799995
3934,347,O,346,118.9000015,13.6499996
3935,347,O,346,120.25,13.9499998
3936,347,O,346,121.8300018,13.4499998
3937,347,O,346,122.3600006,12.8999996
3938,347,O,346,122.9000015,12.3500004
3939,347,O,346,121.2099991,10.1300001
3940,347,O,346,121.3399963,7.3299999
3941,348,O,347,116.3600006,14.4799995
3942,348,O,347,116.5199966,15.6800003
3943,348,O,347,116.6800003,16.8700008
3944,348,O,347,118.0500031,18.0300007
3945,348,O,347,118.6399994,16.75
3946,348,O,347,120.2900009,16.6800003
3947,348,O,347,122.4800034,18.2900009
3948,348,O,347,123.1800003,17
3949,348,O,347,123.8700027,15.71
3950,348,O,347,123.3300018,14.4899998
3951,348,O,347,121.8300018,13.4499998
3952,348,O,347,120.25,13.9499998
3953,348,O,347,118.9000015,13.6499996
3954,348,O,347,116.3600006,14.4799995
3955,349,O,348,115.9400024,19.3199997
3956,349,O,348,117.7799988,19.9300003
3957,349,O,348,119.6200027,20.5400009
3958,349,O,348,120.3700027,19.0300007
3959,349,O,348,122.4800034,18.2900009
3960,349,O,348,120.2900009,16.6800003
3961,349,O,348,118.6399994,16.75
3962,349,O,348,118.0500031,18.0300007
3963,349,O,348,116.6800003,16.8700008
3964,349,O,348,116.8600006,18.1900005
3965,349,O,348,115.9400024,19.3199997
3966,350,O,349,114.5299988,26.3299999
3967,350,O,349,115.6999969,27.0400009
3968,350,O,349,116.8799973,27.75
3969,350,O,349,117.2699966,27.4799995
3970,350,O,349,117.6600037,27.2199993
3971,350,O,349,119.0299988,25.8700008
3972,350,O,349,121.1500015,25.5
3973,350,O,349,122.6800003,23.6200008
3974,350,O,349,121.1500015,22.0799999
3975,350,O,349,119.6200027,20.5400009
3976,350,O,349,118.0100021,21.8400002
3977,350,O,349,115.9199982,24.1800003
3978,350,O,349,114.5299988,26.3299999
3979,351,O,350,117.1800003,30.4899998
3980,351,O,350,117.7600021,32.2999992
3981,351,O,350,120.8600006,33.7900009
3982,351,O,350,121.3600006,33.7799988
3983,351,O,350,121.8600006,33.7700005
3984,351,O,350,122.7600021,32.1199989
3985,351,O,350,123.6500015,30.4699993
3986,351,O,350,119.9499969,29.0300007
3987,351,O,350,119.5800018,27.7600002
3988,351,O,350,117.6600037,27.2199993
3989,351,O,350,117.2699966,27.4799995
3990,351,O,350,116.8799973,27.75
3991,351,O,350,117.0299988,29.1200008
3992,351,O,350,117.1800003,30.4899998
3993,352,O,351,119.3700027,35.4700012
3994,352,O,351,120.9199982,37.1899986
3995,352,O,351,120.2399979,40.5999985
3996,352,O,351,120.3399963,42.9399986
3997,352,O,351,122.5,42.1199989
3998,352,O,351,124.6500015,41.2999992
3999,352,O,351,123.8700027,39.9500008
4000,352,O,351,125,37.9399986
4001,352,O,351,124.3799973,36.0900002
4002,352,O,351,123.1200027,34.9300003
4003,352,O,351,121.8600006,33.7700005
4004,352,O,351,121.3600006,33.7799988
4005,352,O,351,120.8600006,33.7900009
4006,352,O,351,120.1200027,34.6300011
4007,352,O,351,119.3700027,35.4700012
4008,353,O,352,118.8099976,43.6300011
4009,353,O,352,119.4599991,44.9199982
4010,353,O,352,120.0999985,46.2000008
4011,353,O,352,123.4300003,44.8800011
4012,353,O,352,127.3399963,43.7000008
4013,353,O,352,126,42.5
4014,353,O,352,124.6500015,41.2999992
4015,353,O,352,122.5,42.1199989
4016,353,O,352,120.3399963,42.9399986
4017,353,O,352,119.8000031,42.6899986
4018,353,O,352,119.2600021,42.4399986
4019,353,O,352,119.0400009,43.0400009
4020,353,O,352,118.8099976,43.6300011
4021,354,O,353,129.25,41.9900017
4022,354,O,353,128.6600037,40.9300003
4023,354,O,353,129.3000031,39.9099998
4024,354,O,353,127.4800034,40.5299988
4025,354,O,353,125.6600037,41.1500015
4026,354,O,353,126.9599991,42.1399994
4027,354,O,353,128.25,43.1399994
4028,354,O,353,128.75,42.5600014
4029,354,O,353,129.25,41.9900017
4030,355,O,354,129.3000031,39.9099998
4031,355,O,354,128.0200043,37.5
4032,355,O,354,126.7399979,35.0900002
4033,355,O,354,125.5999985,36.5200005
4034,355,O,354,125.6100006,38.5600014
4035,355,O,354,125.6600037,41.1500015
4036,355,O,354,127.4800034,40.5299988
4037,355,O,354,129.3000031,39.9099998
4038,356,O,355,123.6500015,30.4699993
4039,356,O,355,122.7600021,32.1199989
4040,356,O,355,121.8600006,33.7700005
4041,356,O,355,123.1200027,34.9300003
4042,356,O,355,124.3799973,36.0900002
4043,356,O,355,125.0199966,34.8899994
4044,356,O,355,126.7399979,35.0900002
4045,356,O,355,126.1600037,32.2400017
4046,356,O,355,123.6500015,30.4699993
4047,357,O,356,122.6800003,23.6200008
4048,357,O,356,121.1500015,25.5
4049,357,O,356,119.0299988,25.8700008
4050,357,O,356,117.6600037,27.2199993
4051,357,O,356,119.5800018,27.7600002
4052,357,O,356,119.9499969,29.0300007
4053,357,O,356,123.6500015,30.4699993
4054,357,O,356,124.7099991,30.0499992
4055,357,O,356,124.5699997,28.3899994
4056,357,O,356,126.3199997,27.3299999
4057,357,O,356,124.5,25.4799995
4058,357,O,356,122.6800003,23.6200008
4059,358,O,357,122.4800034,18.2900009
4060,358,O,357,120.3700027,19.0300007
4061,358,O,357,119.6200027,20.5400009
4062,358,O,357,121.1500015,22.0799999
4063,358,O,357,122.6800003,23.6200008
4064,358,O,357,124.0699997,22.1000004
4065,358,O,357,125.4599991,20.5799999
4066,358,O,357,123.9000015,19.8700008
4067,358,O,357,122.4800034,18.2900009
4068,359,O,358,123.8700027,15.71
4069,359,O,358,123.1800003,17
4070,359,O,358,122.4800034,18.2900009
4071,359,O,358,123.9000015,19.8700008
4072,359,O,358,125.4599991,20.5799999
4073,359,O,358,126.0599976,19.4799995
4074,359,O,358,126.6500015,18.3799992
4075,359,O,358,126.7099991,17.8099995
4076,359,O,358,126.7699966,17.2399998
4077,359,O,358,126.2900009,16
4078,359,O,358,125.8099976,14.75
4079,359,O,358,124.6299973,14.8400002
4080,359,O,358,123.8700027,15.71
4081,360,O,359,122.9000015,12.3500004
4082,360,O,359,122.3600006,12.8999996
4083,360,O,359,121.8300018,13.4499998
4084,360,O,359,123.3300018,14.4899998
4085,360,O,359,123.8700027,15.71
4086,360,O,359,124.6299973,14.8400002
4087,360,O,359,125.8099976,14.75
4088,360,O,359,126.4899979,14.3699999
4089,360,O,359,127.1699982,13.9899998
4090,360,O,359,127.2399979,13.1199999
4091,360,O,359,127.3000031,12.2399998
4092,360,O,359,125.5899963,12.3199997
4093,360,O,359,125.4000015,10.8299999
4094,360,O,359,124.1500015,11.5900002
4095,360,O,359,122.9000015,12.3500004
4096,361,O,360,123.6800003,7.1999998
4097,361,O,360,122.5100021,7.2600002
4098,361,O,360,121.3399963,7.3299999
4099,361,O,360,121.2099991,10.1300001
4100,361,O,360,122.9000015,12.3500004
4101,361,O,360,124.1500015,11.5900002
4102,361,O,360,125.4000015,10.8299999
4103,361,O,360,125.0699997,9.3500004
4104,361,O,360,125.9599991,8.1700001
4105,361,O,360,124.8199997,7.6799998
4106,361,O,360,123.6800003,7.1999998
4107,362,O,361,127.4700012,7.98
4108,362,O,361,126.7200012,8.0799999
4109,362,O,361,125.9599991,8.1700001
4110,362,O,361,125.0699997,9.3500004
4111,362,O,361,125.4000015,10.8299999
4112,362,O,361,125.5899963,12.3199997
4113,362,O,361,127.3000031,12.2399998
4114,362,O,361,128.9600067,12.1400003
4115,362,O,361,130.3300018,10.2200003
4116,362,O,361,132.6799927,7.5999999
4117,362,O,361,130.0800018,7.79
4118,362,O,361,127.4700012,7.98
4119,363,O,362,132.6799927,7.5999999
4120,363,O,362,130.3300018,10.2200003
4121,363,O,362,128.9600067,12.1400003
4122,363,O,362,127.3000031,12.2399998
4123,363,O,362,127.2399979,13.1199999
4124,363,O,362,127.1699982,13.9899998
4125,363,O,362,128.1499939,14.25
4126,363,O,362,129.1300049,14.5100002
4127,363,O,362,129.8200073,13.9700003
4128,363,O,362,130.9499969,15.4799995
4129,363,O,362,135.0899963,13.1199999
4130,363,O,362,136.4400024,11.21
4131,363,O,362,135.3999939,9.5100002
4132,363,O,362,137.1999969,9.3199997
4133,363,O,362,137.6399994,8.4099998
4134,363,O,362,135.1600037,8
4135,363,O,362,132.6799927,7.5999999
4136,364,O,363,125.8099976,14.75
4137,364,O,363,126.2900009,16
4138,364,O,363,126.7699966,17.2399998
4139,364,O,363,129.6600037,15.79
4140,364,O,363,129.1300049,14.5100002
4141,364,O,363,128.1499939,14.25
4142,364,O,363,127.1699982,13.9899998
4143,364,O,363,126.4899979,14.3699999
4144,364,O,363,125.8099976,14.75
4145,365,O,364,126.6500015,18.3799992
4146,365,O,364,126.0599976,19.4799995
4147,365,O,364,125.4599991,20.5799999
4148,365,O,364,126.5800018,21.5300007
4149,365,O,364,127.6999969,22.4799995
4150,365,O,364,128.5,21.5
4151,365,O,364,130.8000031,23.4699993
4152,365,O,364,131.1199951,23.3999996
4153,365,O,364,131.4299927,23.3199997
4154,365,O,364,130.6499939,21.1000004
4155,365,O,364,129.8699951,18.8799992
4156,365,O,364,128.5299988,17.7099991
4157,365,O,364,126.6500015,18.3799992
4158,366,O,365,122.6800003,23.6200008
4159,366,O,365,124.5,25.4799995
4160,366,O,365,126.3199997,27.3299999
4161,366,O,365,127.3499985,27.7800007
4162,366,O,365,128.3800049,28.2299995
4163,366,O,365,129.1000061,27.1200008
4164,366,O,365,129.0299988,25.1299992
4165,366,O,365,128.8399963,24.7299995
4166,366,O,365,128.6499939,24.3299999
4167,366,O,365,127.8300018,24.0900002
4168,366,O,365,127.6999969,22.4799995
4169,366,O,365,126.5800018,21.5300007
4170,366,O,365,125.4599991,20.5799999
4171,366,O,365,124.0699997,22.1000004
4172,366,O,365,122.6800003,23.6200008
4173,367,O,366,123.6500015,30.4699993
4174,367,O,366,126.1600037,32.2400017
4175,367,O,366,126.7399979,35.0900002
4176,367,O,366,129.3000031,34.4099998
4177,367,O,366,130.9199982,32.7099991
4178,367,O,366,130.4900055,30.4899998
4179,367,O,366,128.3800049,28.2299995
4180,367,O,366,127.3499985,27.7800007
4181,367,O,366,126.3199997,27.3299999
4182,367,O,366,124.5699997,28.3899994
4183,367,O,366,124.7099991,30.0499992
4184,367,O,366,123.6500015,30.4699993
4185,368,O,367,126.7399979,35.0900002
4186,368,O,367,128.0200043,37.5
4187,368,O,367,129.3000031,39.9099998
4188,368,O,367,131.6100006,39.75
4189,368,O,367,133.7799988,40.1100006
4190,368,O,367,133.6100006,37.5900002
4191,368,O,367,131.8399963,35.4199982
4192,368,O,367,130.9199982,32.7099991
4193,368,O,367,129.3000031,34.4099998
4194,368,O,367,126.7399979,35.0900002
4195,369,O,368,128.25,43.1399994
4196,369,O,368,127.8000031,43.4199982
4197,369,O,368,127.3399963,43.7000008
4198,369,O,368,127.7200012,44.2999992
4199,369,O,368,128.1100006,44.9000015
4200,369,O,368,129.6999969,44.0999985
4201,369,O,368,131.1799927,42.9099998
4202,369,O,368,130.2200012,42.4500008
4203,369,O,368,129.25,41.9900017
4204,369,O,368,128.75,42.5600014
4205,369,O,368,128.25,43.1399994
4206,370,O,369,134.3300018,41.9300003
4207,370,O,369,134.0599976,41.0200005
4208,370,O,369,133.7799988,40.1100006
4209,370,O,369,131.6100006,39.75
4210,370,O,369,129.3000031,39.9099998
4211,370,O,369,128.6600037,40.9300003
4212,370,O,369,129.25,41.9900017
4213,370,O,369,130.2200012,42.4500008
4214,370,O,369,131.1799927,42.9099998
4215,370,O,369,132.7599945,42.4199982
4216,370,O,369,134.3300018,41.9300003
4217,371,O,370,133.7799988,40.1100006
4218,371,O,370,135.2100067,39.2200012
4219,371,O,370,136.9799957,38.3800011
4220,371,O,370,135.1999969,37.1300011
4221,371,O,370,135.2200012,36.1300011
4222,371,O,370,135.1999969,35.4799995
4223,371,O,370,135.1699982,34.8199997
4224,371,O,370,133.6699982,33.8899994
4225,371,O,370,131.6699982,31.8799992
4226,371,O,370,131.3000031,32.2999992
4227,371,O,370,130.9199982,32.7099991
4228,371,O,370,131.8399963,35.4199982
4229,371,O,370,133.6100006,37.5900002
4230,371,O,370,133.7799988,40.1100006
4231,372,O,371,131.6699982,31.8799992
4232,372,O,371,133.6699982,33.8899994
4233,372,O,371,135.1699982,34.8199997
4234,372,O,371,136.6000061,33.8499985
4235,372,O,371,138.0200043,32.8800011
4236,372,O,371,138.25,31.6800003
4237,372,O,371,138.4799957,30.4899998
4238,372,O,371,137.2400055,29.2399998
4239,372,O,371,135.3800049,29.1100006
4240,372,O,371,133.8800049,30.3099995
4241,372,O,371,132.5899963,30.5499992
4242,372,O,371,131.6699982,31.8799992
4243,373,O,372,129.0299988,25.1299992
4244,373,O,372,129.1000061,27.1200008
4245,373,O,372,128.3800049,28.2299995
4246,373,O,372,130.4900055,30.4899998
4247,373,O,372,130.9199982,32.7099991
4248,373,O,372,131.3000031,32.2999992
4249,373,O,372,131.6699982,31.8799992
4250,373,O,372,132.5899963,30.5499992
4251,373,O,372,133.8800049,30.3099995
4252,373,O,372,135.3800049,29.1100006
4253,373,O,372,132.1199951,26.3700008
4254,373,O,372,129.0299988,25.1299992
4255,374,O,373,131.4299927,23.3199997
4256,374,O,373,131.1199951,23.3999996
4257,374,O,373,130.8000031,23.4699993
4258,374,O,373,129.7200012,23.8999996
4259,374,O,373,128.6499939,24.3299999
4260,374,O,373,128.8399963,24.7299995
4261,374,O,373,129.0299988,25.1299992
4262,374,O,373,132.1199951,26.3700008
4263,374,O,373,135.3800049,29.1100006
4264,374,O,373,136.3600006,28.0300007
4265,374,O,373,137.3500061,26.9500008
4266,374,O,373,136.8000031,26.0499992
4267,374,O,373,136.2599945,25.1499996
4268,374,O,373,135.2400055,24.6599998
4269,374,O,373,134.2200012,24.1800003
4270,374,O,373,132.8200073,23.75
4271,374,O,373,131.4299927,23.3199997
4272,375,O,374,129.8699951,18.8799992
4273,375,O,374,130.6499939,21.1000004
4274,375,O,374,131.4299927,23.3199997
4275,375,O,374,132.8200073,23.75
4276,375,O,374,134.2200012,24.1800003
4277,375,O,374,135.0800018,23.2399998
4278,375,O,374,135.9499969,22.2999992
4279,375,O,374,135.0200043,19.9300003
4280,375,O,374,134.0800018,17.5599995
4281,375,O,374,131.9799957,18.2199993
4282,375,O,374,129.8699951,18.8799992
4283,376,O,375,138.1999969,17.3400002
4284,376,O,375,138.2200012,16.3199997
4285,376,O,375,138.2299957,15.3000002
4286,376,O,375,135.4600067,15.2799997
4287,376,O,375,132.6900024,15.2600002
4288,376,O,375,132.75,16.4400005
4289,376,O,375,134.0800018,17.5599995
4290,376,O,375,136.1399994,17.4500008
4291,376,O,375,138.1999969,17.3400002
4292,377,O,376,139.7799988,12.2799997
4293,377,O,376,138.1100006,11.7399998
4294,377,O,376,136.4400024,11.21
4295,377,O,376,135.0899963,13.1199999
4296,377,O,376,130.9499969,15.4799995
4297,377,O,376,130.9299927,16.3500004
4298,377,O,376,132.6900024,15.2600002
4299,377,O,376,135.4600067,15.2799997
4300,377,O,376,138.2299957,15.3000002
4301,377,O,376,139,13.79
4302,377,O,376,139.7799988,12.2799997
4303,378,O,377,138.1499939,19.7199993
4304,378,O,377,138.1799927,18.5300007
4305,378,O,377,138.1999969,17.3400002
4306,378,O,377,136.1399994,17.4500008
4307,378,O,377,134.0800018,17.5599995
4308,378,O,377,135.0200043,19.9300003
4309,378,O,377,135.9499969,22.2999992
4310,378,O,377,136.8399963,21.5400009
4311,378,O,377,137.7400055,20.7700005
4312,378,O,377,137.9400024,20.2399998
4313,378,O,377,138.1499939,19.7199993
4314,379,O,378,138.1999969,22.3899994
4315,379,O,378,137.9700012,21.5799999
4316,379,O,378,137.7400055,20.7700005
4317,379,O,378,136.8399963,21.5400009
4318,379,O,378,135.9499969,22.2999992
4319,379,O,378,135.0800018,23.2399998
4320,379,O,378,134.2200012,24.1800003
4321,379,O,378,135.2400055,24.6599998
4322,379,O,378,136.2599945,25.1499996
4323,379,O,378,137.2299957,23.7700005
4324,379,O,378,138.1999969,22.3899994
4325,380,O,379,136.2599945,25.1499996
4326,380,O,379,136.8000031,26.0499992
4327,380,O,379,137.3500061,26.9500008
4328,380,O,379,138.4499969,26.3199997
4329,380,O,379,139.5500031,25.7000008
4330,380,O,379,139.3000031,24.8999996
4331,380,O,379,138.6399994,24.5400009
4332,380,O,379,138.1999969,22.3899994
4333,380,O,379,137.2299957,23.7700005
4334,380,O,379,136.2599945,25.1499996
4335,381,O,380,135.3800049,29.1100006
4336,381,O,380,137.2400055,29.2399998
4337,381,O,380,138.4799957,30.4899998
4338,381,O,380,139.1900024,28.6100006
4339,381,O,380,141.5200043,26.7199993
4340,381,O,380,140.0399933,26.4599991
4341,381,O,380,139.5500031,25.7000008
4342,381,O,380,138.4499969,26.3199997
4343,381,O,380,137.3500061,26.9500008
4344,381,O,380,136.3600006,28.0300007
4345,381,O,380,135.3800049,29.1100006
4346,382,O,381,144.6799927,29.9500008
4347,382,O,381,143.1000061,28.3400002
4348,382,O,381,141.5200043,26.7199993
4349,382,O,381,139.1900024,28.6100006
4350,382,O,381,138.4799957,30.4899998
4351,382,O,381,139.6499939,30.8600006
4352,382,O,381,140.8200073,31.2299995
4353,382,O,381,142.75,30.5900002
4354,382,O,381,144.6799927,29.9500008
4355,383,O,382,145.2899933,33.2700005
4356,383,O,382,145.5,32.5800018
4357,383,O,382,145.7200012,31.8999996
4358,383,O,382,145.1999969,30.9200001
4359,383,O,382,144.6799927,29.9500008
4360,383,O,382,142.75,30.5900002
4361,383,O,382,140.8200073,31.2299995
4362,383,O,382,141.1600037,32.6399994
4363,383,O,382,141.4900055,34.0400009
4364,383,O,382,142.3999939,33.7799988
4365,383,O,382,143.3200073,33.5299988
4366,383,O,382,144.3000031,33.4000015
4367,383,O,382,145.2899933,33.2700005
4368,384,O,383,142.6199951,23.3299999
4369,384,O,383,141.1799927,23.6399994
4370,384,O,383,139.2400055,22.2099991
4371,384,O,383,138.1999969,22.3899994
4372,384,O,383,138.6399994,24.5400009
4373,384,O,383,139.3000031,24.8999996
4374,384,O,383,139.5500031,25.7000008
4375,384,O,383,140.0399933,26.4599991
4376,384,O,383,141.5200043,26.7199993
4377,384,O,383,142.25,26.4599991
4378,384,O,383,142.9799957,26.2099991
4379,384,O,383,141.6699982,24.9400005
4380,384,O,383,143.1199951,24.8999996
4381,384,O,383,142.6199951,23.3299999
4382,385,O,384,141.4900055,34.0400009
4383,385,O,384,141.1600037,32.6399994
4384,385,O,384,140.8200073,31.2299995
4385,385,O,384,139.6499939,30.8600006
4386,385,O,384,138.4799957,30.4899998
4387,385,O,384,138.25,31.6800003
4388,385,O,384,138.0200043,32.8800011
4389,385,O,384,138.1100006,33.7599983
4390,385,O,384,138.1999969,34.6399994
4391,385,O,384,138.5599976,34.9599991
4392,385,O,384,138.9299927,35.2799988
4393,385,O,384,140.2100067,34.6599998
4394,385,O,384,141.4900055,34.0400009
4395,386,O,385,138.9299927,35.2799988
4396,386,O,385,138.5599976,34.9599991
4397,386,O,385,138.1999969,34.6399994
4398,386,O,385,136.7100067,35.3800011
4399,386,O,385,135.2200012,36.1300011
4400,386,O,385,135.1999969,37.1300011
4401,386,O,385,136.9799957,38.3800011
4402,386,O,385,137.5800018,38.5
4403,386,O,385,138.1900024,38.6100006
4404,386,O,385,138.5599976,36.9399986
4405,386,O,385,138.9299927,35.2799988
4406,387,O,386,133.1999969,45.5400009
4407,387,O,386,132.1900024,44.2200012
4408,387,O,386,131.1799927,42.9099998
4409,387,O,386,129.6999969,44.0999985
4410,387,O,386,128.1100006,44.9000015
4411,387,O,386,129.5500031,46.1300011
4412,387,O,386,130.6600037,47.6399994
4413,387,O,386,132.2100067,46.5200005
4414,387,O,386,133.1600037,47.5999985
4415,387,O,386,133.1799927,46.5699997
4416,387,O,386,133.1999969,45.5400009
4417,388,O,387,136,52.6599998
4418,388,O,387,136.0599976,51.6500015
4419,388,O,387,136.1300049,50.6399994
4420,388,O,387,135.2599945,49.6399994
4421,388,O,387,134.3899994,48.6500015
4422,388,O,387,133.7799988,48.1199989
4423,388,O,387,133.1600037,47.5999985
4424,388,O,387,132.1600037,48.0200005
4425,388,O,387,131.1499939,48.4399986
4426,388,O,387,132.0599976,50.0200005
4427,388,O,387,132.9799957,51.5900002
4428,388,O,387,134.4400024,52.6399994
4429,388,O,387,135.9100037,53.6800003
4430,388,O,387,135.9600067,53.1699982
4431,388,O,387,136,52.6599998
4432,389,O,388,134.9700012,54.8300018
4433,389,O,388,135.4400024,54.2599983
4434,389,O,388,135.9100037,53.6800003
4435,389,O,388,134.4400024,52.6399994
4436,389,O,388,132.9799957,51.5900002
4437,389,O,388,132.2599945,52.3699989
4438,389,O,388,131.5500031,53.1500015
4439,389,O,388,131.2200012,55.0900002
4440,389,O,388,131.6600037,57.2999992
4441,389,O,388,132.6699982,57.6500015
4442,389,O,388,133.8200073,56.2400017
4443,389,O,388,134.9700012,54.8300018
4444,390,O,389,132.9799957,51.5900002
4445,390,O,389,132.0599976,50.0200005
4446,390,O,389,131.1499939,48.4399986
4447,390,O,389,129.4400024,49.8800011
4448,390,O,389,127.3700027,51.25
4449,390,O,389,127.8000031,52.1599998
4450,390,O,389,128.2299957,53.0800018
4451,390,O,389,129.8899994,53.1199989
4452,390,O,389,131.5500031,53.1500015
4453,390,O,389,132.2599945,52.3699989
4454,390,O,389,132.9799957,51.5900002
4455,391,O,390,130.6600037,47.6399994
4456,391,O,390,129.5500031,46.1300011
4457,391,O,390,128.1100006,44.9000015
4458,391,O,390,125.7600021,46.8600006
4459,391,O,390,124.75,48.7900009
4460,391,O,390,125.1200027,49.6100006
4461,391,O,390,125.4899979,50.4300003
4462,391,O,390,126.2799988,50.0499992
4463,391,O,390,127.3700027,51.25
4464,391,O,390,129.4400024,49.8800011
4465,391,O,390,131.1499939,48.4399986
4466,391,O,390,130.8999939,48.0400009
4467,391,O,390,130.6600037,47.6399994
4468,392,O,391,120.0999985,46.2000008
4469,392,O,391,119.7799988,46.9199982
4470,392,O,391,119.4499969,47.6300011
4471,392,O,391,122.0999985,48.2099991
4472,392,O,391,124.75,48.7900009
4473,392,O,391,125.7600021,46.8600006
4474,392,O,391,128.1100006,44.9000015
4475,392,O,391,127.7200012,44.2999992
4476,392,O,391,127.3399963,43.7000008
4477,392,O,391,123.4300003,44.8800011
4478,392,O,391,120.0999985,46.2000008
4479,393,O,392,119.4499969,47.6300011
4480,393,O,392,118.5800018,48.4599991
4481,393,O,392,117.6999969,49.2999992
4482,393,O,392,118.75,50.8699989
4483,393,O,392,118.8000031,52.6100006
4484,393,O,392,120.9599991,52.6800003
4485,393,O,392,123.1100006,52.7599983
4486,393,O,392,123.5899963,52.4500008
4487,393,O,392,124.0699997,52.1399994
4488,393,O,392,124.2699966,50.8400002
4489,393,O,392,125.4899979,50.4300003
4490,393,O,392,125.1200027,49.6100006
4491,393,O,392,124.75,48.7900009
4492,393,O,392,122.0999985,48.2099991
4493,393,O,392,119.4499969,47.6300011
4494,394,O,393,124.0699997,52.1399994
4495,394,O,393,123.5899963,52.4500008
4496,394,O,393,123.1100006,52.7599983
4497,394,O,393,121.7399979,55.4599991
4498,394,O,393,120.7699966,58.3100014
4499,394,O,393,121.4599991,59.1500015
4500,394,O,393,122.1399994,59.9900017
4501,394,O,393,123.9400024,58.8699989
4502,394,O,393,125.7399979,57.75
4503,394,O,393,125.2900009,55.9599991
4504,394,O,393,125.0100021,53.9500008
4505,394,O,393,125.5299988,51.7000008
4506,394,O,393,123.9199982,53.4000015
4507,394,O,393,124.0699997,52.1399994
4508,395,O,394,125.5299988,51.7000008
4509,395,O,394,125.0100021,53.9500008
4510,395,O,394,125.2900009,55.9599991
4511,395,O,394,125.7399979,57.75
4512,395,O,394,126.1399994,57.7999992
4513,395,O,394,126.5500031,57.8400002
4514,395,O,394,127.8700027,57.7299995
4515,395,O,394,128.6799927,55.6599998
4516,395,O,394,128.2299957,53.0800018
4517,395,O,394,126.5800018,53.5699997
4518,395,O,394,125.5299988,51.7000008
4519,396,O,395,130.7799988,60.1500015
4520,396,O,395,131.7200012,58.9000015
4521,396,O,395,132.6699982,57.6500015
4522,396,O,395,131.6600037,57.2999992
4523,396,O,395,131.2200012,55.0900002
4524,396,O,395,131.5500031,53.1500015
4525,396,O,395,129.8899994,53.1199989
4526,396,O,395,128.2299957,53.0800018
4527,396,O,395,128.6799927,55.6599998
4528,396,O,395,127.8700027,57.7299995
4529,396,O,395,126.5500031,57.8400002
4530,396,O,395,127.8499985,59.4599991
4531,396,O,395,130.7799988,60.1500015
4532,397,O,396,127.6600037,63.4000015
4533,397,O,396,129.1600037,62.0900002
4534,397,O,396,130.7799988,60.1500015
4535,397,O,396,127.8499985,59.4599991
4536,397,O,396,126.5500031,57.8400002
4537,397,O,396,126.1399994,57.7999992
4538,397,O,396,125.7399979,57.75
4539,397,O,396,123.9400024,58.8699989
4540,397,O,396,122.1399994,59.9900017
4541,397,O,396,124.9000015,61.7000008
4542,397,O,396,127.6600037,63.4000015
4543,398,O,397,127.0299988,63.9399986
4544,398,O,397,127.3399963,63.6699982
4545,398,O,397,127.6600037,63.4000015
4546,398,O,397,124.9000015,61.7000008
4547,398,O,397,122.1399994,59.9900017
4548,398,O,397,120.9300003,61.4500008
4549,398,O,397,119.7200012,62.9099998
4550,398,O,397,122.8399963,63.3600006
4551,398,O,397,124.4300003,64.7099991
4552,398,O,397,125.7300034,64.3199997
4553,398,O,397,127.0299988,63.9399986
4554,399,O,398,122.1399994,59.9900017
4555,399,O,398,121.4599991,59.1500015
4556,399,O,398,120.7699966,58.3100014
4557,399,O,398,119.9400024,58.0200005
4558,399,O,398,119.0999985,57.7400017
4559,399,O,398,118.0800018,58.0499992
4560,399,O,398,117.8399963,58.9799995
4561,399,O,398,118.3499985,61.1500015
4562,399,O,398,119.7200012,62.9099998
4563,399,O,398,120.9300003,61.4500008
4564,399,O,398,122.1399994,59.9900017
4565,400,O,399,123.1100006,52.7599983
4566,400,O,399,120.9599991,52.6800003
4567,400,O,399,118.8000031,52.6100006
4568,400,O,399,118.4800034,54.8499985
4569,400,O,399,119.0999985,57.7400017
4570,400,O,399,119.9400024,58.0200005
4571,400,O,399,120.7699966,58.3100014
4572,400,O,399,121.7399979,55.4599991
4573,400,O,399,123.1100006,52.7599983
4574,401,O,400,117.8399963,58.9799995
4575,401,O,400,118.0800018,58.0499992
4576,401,O,400,119.0999985,57.7400017
4577,401,O,400,118.4800034,54.8499985
4578,401,O,400,118.8000031,52.6100006
4579,401,O,400,115.8600006,52.9300003
4580,401,O,400,112.9100037,53.25
4581,401,O,400,112.4000015,54.2000008
4582,401,O,400,111.9000015,55.1599998
4583,401,O,400,114.8000031,57.4599991
4584,401,O,400,117.8399963,58.9799995
4585,402,O,401,117.6999969,49.2999992
4586,402,O,401,114.7300034,50.4000015
4587,402,O,401,111.7600021,51.5099983
4588,402,O,401,112.3399963,52.3800011
4589,402,O,401,112.9100037,53.25
4590,402,O,401,115.8600006,52.9300003
4591,402,O,401,118.8000031,52.6100006
4592,402,O,401,118.75,50.8699989
4593,402,O,401,117.6999969,49.2999992
4594,403,O,402,105.1600037,50.1100006
4595,403,O,402,105.1699982,50.5600014
4596,403,O,402,105.1800003,51.0099983
4597,403,O,402,105.4599991,51.5400009
4598,403,O,402,105.75,52.0600014
4599,403,O,402,106.8600006,52.6800003
4600,403,O,402,107.9800034,53.2999992
4601,403,O,402,109.9400024,54.2299995
4602,403,O,402,111.9000015,55.1599998
4603,403,O,402,112.4000015,54.2000008
4604,403,O,402,112.9100037,53.25
4605,403,O,402,112.3399963,52.3800011
4606,403,O,402,111.7600021,51.5099983
4607,403,O,402,110.8600006,50.3899994
4608,403,O,402,107.5400009,50.9000015
4609,403,O,402,106.6600037,49.6399994
4610,403,O,402,105.9100037,49.8800011
4611,403,O,402,105.1600037,50.1100006
4612,404,O,403,117.8399963,58.9799995
4613,404,O,403,114.8000031,57.4599991
4614,404,O,403,111.9000015,55.1599998
4615,404,O,403,112.3499985,57.0800018
4616,404,O,403,112.8000031,58.9900017
4617,404,O,403,115.3199997,58.9799995
4618,404,O,403,117.8399963,58.9799995
4619,405,O,404,119.7200012,62.9099998
4620,405,O,404,118.3499985,61.1500015
4621,405,O,404,117.8399963,58.9799995
4622,405,O,404,115.3199997,58.9799995
4623,405,O,404,112.8000031,58.9900017
4624,405,O,404,113.5999985,60.9099998
4625,405,O,404,114.3899994,62.8300018
4626,405,O,404,116.0299988,63.1500015
4627,405,O,404,117.8300018,62.2000008
4628,405,O,404,119.7200012,62.9099998
4629,406,O,405,119.1200027,65.6600037
4630,406,O,405,119.7799988,65.6399994
4631,406,O,405,120.4400024,65.6200027
4632,406,O,405,122.4400024,65.1600037
4633,406,O,405,124.4300003,64.7099991
4634,406,O,405,122.8399963,63.3600006
4635,406,O,405,119.7200012,62.9099998
4636,406,O,405,119.4199982,64.2799988
4637,406,O,405,119.1200027,65.6600037
4638,407,O,406,115.1399994,65.5
4639,407,O,406,117.1299973,65.5800018
4640,407,O,406,119.1200027,65.6600037
4641,407,O,406,119.4199982,64.2799988
4642,407,O,406,119.7200012,62.9099998
4643,407,O,406,117.8300018,62.2000008
4644,407,O,406,116.0299988,63.1500015
4645,407,O,406,114.3899994,62.8300018
4646,407,O,406,114.7600021,64.1600037
4647,407,O,406,115.1399994,65.5
4648,408,O,407,107.4800034,62.5800018
4649,408,O,407,108.4800034,63.1399994
4650,408,O,407,109.4800034,63.7000008
4651,408,O,407,109.9800034,64.2600021
4652,408,O,407,110.4700012,64.8099976
4653,408,O,407,112.8000031,65.1600037
4654,408,O,407,115.1399994,65.5
4655,408,O,407,114.7600021,64.1600037
4656,408,O,407,114.3899994,62.8300018
4657,408,O,407,111.7799988,61.5800018
4658,408,O,407,109.1800003,60.3199997
4659,408,O,407,108.3300018,61.4500008
4660,408,O,407,107.4800034,62.5800018
4661,409,O,408,114.3899994,62.8300018
4662,409,O,408,113.5999985,60.9099998
4663,409,O,408,112.8000031,58.9900017
4664,409,O,408,111.2399979,58.4799995
4665,409,O,408,109.6900024,57.9799995
4666,409,O,408,108.4199982,58.9599991
4667,409,O,408,107.1399994,59.9399986
4668,409,O,408,108.1600037,60.1300011
4669,409,O,408,109.1800003,60.3199997
4670,409,O,408,111.7799988,61.5800018
4671,409,O,408,114.3899994,62.8300018
4672,410,O,409,111.9000015,55.1599998
4673,410,O,409,109.9400024,54.2299995
4674,410,O,409,107.9800034,53.2999992
4675,410,O,409,107.3199997,55.6399994
4676,410,O,409,106.6699982,57.9799995
4677,410,O,409,108.1800003,57.9799995
4678,410,O,409,109.6900024,57.9799995
4679,410,O,409,111.2399979,58.4799995
4680,410,O,409,112.8000031,58.9900017
4681,410,O,409,112.3499985,57.0800018
4682,410,O,409,111.9000015,55.1599998
4683,411,O,410,107.9800034,53.2999992
4684,411,O,410,106.8600006,52.6800003
4685,411,O,410,105.75,52.0600014
4686,411,O,410,104.5400009,52.5800018
4687,411,O,410,103.3399963,53.0900002
4688,411,O,410,103.1299973,53.75
4689,411,O,410,103.9000015,54.6300011
4690,411,O,410,103.6800003,55.5400009
4691,411,O,410,105.9499969,56.5
4692,411,O,410,106.6699982,57.9799995
4693,411,O,410,107.3199997,55.6399994
4694,411,O,410,107.9800034,53.2999992
4695,412,O,411,99.1800003,47.3800011
4696,412,O,411,98.1600037,48.9399986
4697,412,O,411,97.1500015,50.5099983
4698,412,O,411,97.2399979,50.9199982
4699,412,O,411,97.3399963,51.3400002
4700,412,O,411,97.7099991,52.0800018
4701,412,O,411,98.0800018,52.8300018
4702,412,O,411,99.6399994,52.0299988
4703,412,O,411,102.1299973,51.4000015
4704,412,O,411,102.1999969,52.2999992
4705,412,O,411,102.7699966,52.7000008
4706,412,O,411,103.3399963,53.0900002
4707,412,O,411,104.5400009,52.5800018
4708,412,O,411,105.75,52.0600014
4709,412,O,411,105.4599991,51.5400009
4710,412,O,411,105.1800003,51.0099983
4711,412,O,411,103.0999985,49.0800018
4712,412,O,411,101.0199966,47.1399994
4713,412,O,411,100.0999985,46.6699982
4714,412,O,411,99.1800003,47.3800011
4715,413,O,412,106.6699982,57.9799995
4716,413,O,412,105.9499969,56.5
4717,413,O,412,103.6800003,55.5400009
4718,413,O,412,103.9000015,54.6300011
4719,413,O,412,103.1299973,53.75
4720,413,O,412,103.3399963,53.0900002
4721,413,O,412,102.7699966,52.7000008
4722,413,O,412,102.1999969,52.2999992
4723,413,O,412,100.75,53.0400009
4724,413,O,412,99.3000031,53.7799988
4725,413,O,412,99.6800003,54.9399986
4726,413,O,412,100.0500031,56.0999985
4727,413,O,412,101.3300018,56.2200012
4728,413,O,412,102.3399963,57.6699982
4729,413,O,412,103.1699982,56.2900009
4730,413,O,412,105.2300034,58.2099991
4731,413,O,412,105.9499969,58.0999985
4732,413,O,412,106.6699982,57.9799995
4733,414,O,413,107.1399994,59.9399986
4734,414,O,413,108.4199982,58.9599991
4735,414,O,413,109.6900024,57.9799995
4736,414,O,413,108.1800003,57.9799995
4737,414,O,413,106.6699982,57.9799995
4738,414,O,413,105.9499969,58.0999985
4739,414,O,413,105.2300034,58.2099991
4740,414,O,413,104.9599991,59.2799988
4741,414,O,413,104.6800003,60.3499985
4742,414,O,413,105.9100037,60.1399994
4743,414,O,413,107.1399994,59.9399986
4744,415,O,414,103.4800034,63.9799995
4745,415,O,414,104.4400024,62.4399986
4746,415,O,414,106.2699966,62.8499985
4747,415,O,414,107.4800034,62.5800018
4748,415,O,414,108.3300018,61.4500008
4749,415,O,414,109.1800003,60.3199997
4750,415,O,414,108.1600037,60.1300011
4751,415,O,414,107.1399994,59.9399986
4752,415,O,414,105.9100037,60.1399994
4753,415,O,414,104.6800003,60.3499985
4754,415,O,414,104.1800003,60.6199989
4755,415,O,414,103.6800003,60.9000015
4756,415,O,414,102.8000031,61.8199997
4757,415,O,414,101.9199982,62.7400017
4758,415,O,414,102.2600021,63.5999985
4759,415,O,414,103.4800034,63.9799995
4760,416,O,415,105.2300034,58.2099991
4761,416,O,415,103.1699982,56.2900009
4762,416,O,415,102.3399963,57.6699982
4763,416,O,415,101.3300018,56.2200012
4764,416,O,415,100.0500031,56.0999985
4765,416,O,415,99.3700027,56.6800003
4766,416,O,415,97.8300018,56.7799988
4767,416,O,415,97.4899979,57.7799988
4768,416,O,415,99.1200027,58.2999992
4769,416,O,415,102.3700027,59.1500015
4770,416,O,415,103.6800003,60.9000015
4771,416,O,415,104.1800003,60.6199989
4772,416,O,415,104.6800003,60.3499985
4773,416,O,415,104.9599991,59.2799988
4774,416,O,415,105.2300034,58.2099991
4775,417,O,416,95,58.0999985
4776,417,O,416,96.1999969,59.6800003
4777,417,O,416,94.7399979,62.1800003
4778,417,O,416,98.5800018,61.5999985
4779,417,O,416,100.1600037,62.2700005
4780,417,O,416,101.0400009,62.5
4781,417,O,416,101.9199982,62.7400017
4782,417,O,416,102.8000031,61.8199997
4783,417,O,416,103.6800003,60.9000015
4784,417,O,416,102.3700027,59.1500015
4785,417,O,416,99.1200027,58.2999992
4786,417,O,416,97.4899979,57.7799988
4787,417,O,416,96.2399979,57.9399986
4788,417,O,416,95,58.0999985
4789,418,O,417,93.7900009,53.75
4790,418,O,417,94.4000015,55.9199982
4791,418,O,417,95,58.0999985
4792,418,O,417,96.2399979,57.9399986
4793,418,O,417,97.4899979,57.7799988
4794,418,O,417,97.8300018,56.7799988
4795,418,O,417,99.3700027,56.6800003
4796,418,O,417,100.0500031,56.0999985
4797,418,O,417,99.6800003,54.9399986
4798,418,O,417,99.3000031,53.7799988
4799,418,O,417,98.6900024,53.2999992
4800,418,O,417,98.0800018,52.8300018
4801,418,O,417,95.9400024,53.2900009
4802,418,O,417,93.7900009,53.75
4803,419,O,418,102.1999969,52.2999992
4804,419,O,418,102.1299973,51.4000015
4805,419,O,418,99.6399994,52.0299988
4806,419,O,418,98.0800018,52.8300018
4807,419,O,418,98.6900024,53.2999992
4808,419,O,418,99.3000031,53.7799988
4809,419,O,418,100.75,53.0400009
4810,419,O,418,102.1999969,52.2999992
4811,420,O,419,99.6200027,64.4599991
4812,420,O,419,99.4599991,65.3199997
4813,420,O,419,99.2900009,66.1800003
4814,420,O,419,101.1100006,65.7699966
4815,420,O,419,102.9300003,65.3600006
4816,420,O,419,103.1999969,64.6699982
4817,420,O,419,103.4800034,63.9799995
4818,420,O,419,102.2600021,63.5999985
4819,420,O,419,101.9199982,62.7400017
4820,420,O,419,101.0400009,62.5
4821,420,O,419,100.1600037,62.2700005
4822,420,O,419,99.8899994,63.3600006
4823,420,O,419,99.6200027,64.4599991
4824,421,O,420,83.0100021,31.1000004
4825,421,O,420,80.0400009,33.1399994
4826,421,O,420,79.1299973,33.0600014
4827,421,O,420,79.7600021,34.9099998
4828,421,O,420,80.0199966,36.2900009
4829,421,O,420,80.7600021,37.4099998
4830,421,O,420,81.3600006,35.9799995
4831,421,O,420,82.7099991,36.4300003
4832,421,O,420,84.3000031,36.1300011
4833,421,O,420,84.3799973,35.4199982
4834,421,O,420,84.4499969,34.7000008
4835,421,O,420,84.4599991,31.4599991
4836,421,O,420,83.0100021,31.1000004
4837,422,O,421,100.4000015,13.1599998
4838,422,O,421,98.4300003,13.3299999
4839,422,O,421,97.3300018,12.0299997
4840,422,O,421,96.3199997,11.79
4841,422,O,421,96.2600021,13.4700003
4842,422,O,421,96.2099991,15.1499996
4843,422,O,421,97.9800034,14.9799995
4844,422,O,421,99.75,14.8100004
4845,422,O,421,101.0299988,14.54
4846,422,O,421,102.3099976,14.2799997
4847,422,O,421,102.4400024,13.4799995
4848,422,O,421,102.5800018,12.6800003
4849,422,O,421,101.4899979,12.9200001
4850,422,O,421,100.4000015,13.1599998
4851,423,O,422,94.9599991,63.5900002
4852,423,O,422,96.7600021,63.8499985
4853,423,O,422,97.8099976,64.7699966
4854,423,O,422,98.7200012,64.6200027
4855,423,O,422,99.6200027,64.4599991
4856,423,O,422,99.8899994,63.3600006
4857,423,O,422,100.1600037,62.2700005
4858,423,O,422,98.5800018,61.5999985
4859,423,O,422,94.7399979,62.1800003
4860,423,O,422,94.8499985,62.8800011
4861,423,O,422,94.9599991,63.5900002
4862,424,N,423,72.1600037,53.5600014
4863,424,N,423,73.4800034,54.7200012
4864,424,N,423,74.3499985,55.1500015
4865,424,N,423,74.25,56.0499992
4866,424,N,423,74.9100037,57.1800003
4867,424,N,423,75.3000031,55.5
4868,424,N,423,77.0500031,55.2900009
4869,424,N,423,78.3700027,55.0099983
4870,424,N,423,79.4000015,56.2900009
4871,424,N,423,80.4400024,56.3100014
4872,424,N,423,80.0599976,55.3100014
4873,424,N,423,81.6900024,54.7099991
4874,424,N,423,83.4599991,52.4199982
4875,424,N,423,84.2600021,50.9300003
4876,424,N,423,82.5100021,51.6899986
4877,424,N,423,81.3600006,52.4300003
4878,424,N,423,79.4899979,52.7900009
4879,424,N,423,78.2099991,52.5299988
4880,424,N,423,76.2699966,53.2299995
4881,424,N,423,74.5299988,53.7999992
4882,424,N,423,72.5800018,52.6699982
4883,424,N,423,72.1600037,53.5600014
4884,425,N,424,28.5400009,21.75
4885,425,N,424,29.0400009,22.1599998
4886,425,N,424,31.75,19.6700001
4887,425,N,424,30.2900009,19.9200001
4888,425,N,424,28.5400009,21.75
4889,426,N,425,31.75,19.6700001
4890,426,N,425,34.8899994,19.0699997
4891,426,N,425,34.6699982,18.1299992
4892,426,N,425,31.6200008,17.0100002
4893,426,N,425,30.9400005,17.9200001
4894,426,N,425,31.75,19.6700001
4895,427,N,426,54.0499992,41.3199997
4896,427,N,426,52.3400002,41.4399986
4897,427,N,426,50.6100006,43.0299988
4898,427,N,426,50.9700012,44.6100006
4899,427,N,426,51.6599998,44.9199982
4900,427,N,426,52.0499992,42.7999992
4901,427,N,426,54.3800011,42.1399994
4902,427,N,426,54.0499992,41.3199997
4903,428,N,427,79.3799973,46.4000015
4904,428,N,427,80.5100021,46.9399986
4905,428,N,427,84.8799973,48.5499992
4906,428,N,427,84.7399979,45.4599991
4907,428,N,427,85.5599976,44.6599998
4908,428,N,427,82.9199982,44.0699997
4909,428,N,427,79.4000015,42.8100014
4910,428,N,427,80.4000015,45.3199997
4911,428,N,427,79.3300018,45.3800011
4912,428,N,427,79.3799973,46.4000015
4913,429,N,428,88.6699982,49.7299995
4914,429,N,428,91.5100021,50.6699982
4915,429,N,428,93.5100021,51.1699982
4916,429,N,428,97.3399963,51.3400002
4917,429,N,428,97.1500015,50.5099983
4918,429,N,428,94.0100021,50.0299988
4919,429,N,428,92.0899963,49.9399986
4920,429,N,428,90.0599976,49.0400009
4921,429,N,428,88.6699982,49.7299995
4922,430,N,429,91.1699982,46.6899986
4923,430,N,429,93.1100006,46.9500008
4924,430,N,429,93.6100006,44.3199997
4925,430,N,429,91.5400009,45.5200005
4926,430,N,429,91.1699982,46.6899986
4927,431,N,430,96.0500031,46.4599991
4928,431,N,430,97.6100006,46.7200012
4929,431,N,430,99.8099976,45.0900002
4930,431,N,430,101.4800034,45.1899986
4931,431,N,430,102.3499985,43.7000008
4932,431,N,430,104.4499969,42.8199997
4933,431,N,430,105.8700027,42.7400017
4934,431,N,430,108.6500015,43.0600014
4935,431,N,430,109.4499969,43.9599991
4936,431,N,430,113.3700027,43.3899994
4937,431,N,430,115.7900009,43.1599998
4938,431,N,430,116.3799973,44.5499992
4939,431,N,430,118.8099976,43.6300011
4940,431,N,430,119.2600021,42.4399986
4941,431,N,430,117.6999969,40.0299988
4942,431,N,430,115.4300003,38.0200005
4943,431,N,430,112.8099976,39.0999985
4944,431,N,430,111.0800018,39.7599983
4945,431,N,430,109.1200027,38.8300018
4946,431,N,430,107.6800003,39.0400009
4947,431,N,430,105.2300034,40.4000015
4948,431,N,430,103.0899963,40.0800018
4949,431,N,430,102.1600037,42.3400002
4950,431,N,430,100.9599991,42.1599998
4951,431,N,430,100.1100006,43.6300011
4952,431,N,430,98.9300003,44.1300011
4953,431,N,430,96.0500031,46.4599991
4954,432,N,431,112.7699966,19.3799992
4955,432,N,431,115.0400009,18.3799992
4956,432,N,431,113.4800034,17.8500004
4957,432,N,431,112.7699966,19.3799992
4958,433,N,432,127.6999969,22.4799995
4959,433,N,432,127.8300018,24.0900002
4960,433,N,432,128.6499939,24.3299999
4961,433,N,432,130.8000031,23.4699993
4962,433,N,432,128.5,21.5
4963,433,N,432,127.6999969,22.4799995
4964,434,N,433,126.7699966,17.2399998
4965,434,N,433,126.6500015,18.3799992
4966,434,N,433,128.5299988,17.7099991
4967,434,N,433,129.8699951,18.8799992
4968,434,N,433,134.0800018,17.5599995
4969,434,N,433,132.75,16.4400005
4970,434,N,433,132.6900024,15.2600002
4971,434,N,433,130.9299927,16.3500004
4972,434,N,433,130.9499969,15.4799995
4973,434,N,433,129.8200073,13.9700003
4974,434,N,433,129.1300049,14.5100002
4975,434,N,433,129.6600037,15.79
4976,434,N,433,126.7699966,17.2399998
4977,435,N,434,135.1699982,34.8199997
4978,435,N,434,135.2200012,36.1300011
4979,435,N,434,138.1999969,34.6399994
4980,435,N,434,138.0200043,32.8800011
4981,435,N,434,135.1699982,34.8199997
4982,436,N,435,143.3399963,39.4599991
4983,436,N,435,144.7400055,39.9799995
4984,436,N,435,145.8699951,38.2700005
4985,436,N,435,144.6199951,36.4000015
4986,436,N,435,143.3399963,39.4599991
4987,437,N,436,141.4900055,34.0400009
4988,437,N,436,142,36.4199982
4989,437,N,436,143.6799927,35.8199997
4990,437,N,436,143.3200073,33.5299988
4991,437,N,436,141.4900055,34.0400009
4992,438,N,437,130.6600037,47.6399994
4993,438,N,437,131.1499939,48.4399986
4994,438,N,437,133.1600037,47.5999985
4995,438,N,437,132.2100067,46.5200005
4996,438,N,437,130.6600037,47.6399994
4997,439,N,438,123.9199982,53.4000015
4998,439,N,438,125.5299988,51.7000008
4999,439,N,438,126.5800018,53.5699997
5000,439,N,438,128.2299957,53.0800018
5001,439,N,438,127.3700027,51.25
5002,439,N,438,126.2799988,50.0499992
5003,439,N,438,125.4899979,50.4300003
5004,439,N,438,124.2699966,50.8400002
5005,439,N,438,124.0699997,52.1399994
5006,439,N,438,123.9199982,53.4000015
5007,440,N,439,124.3799973,36.0900002
5008,440,N,439,125,37.9399986
5009,440,N,439,123.8700027,39.9500008
5010,440,N,439,124.6500015,41.2999992
5011,440,N,439,127.3399963,43.7000008
5012,440,N,439,128.25,43.1399994
5013,440,N,439,125.6600037,41.1500015
5014,440,N,439,125.5999985,36.5200005
5015,440,N,439,126.7399979,35.0900002
5016,440,N,439,125.0199966,34.8899994
5017,440,N,439,124.3799973,36.0900002
5018,441,N,440,144.6799927,29.9500008
5019,441,N,440,145.7200012,31.8999996
5020,441,N,440,146.3899994,31.3999996
5021,441,N,440,148.3800049,32.2700005
5022,441,N,440,149.0299988,33.6100006
5023,441,N,440,150.7899933,28.6499996
5024,441,N,440,152.4600067,25.7999992
5025,441,N,440,154.2700043,24.5100002
5026,441,N,440,154.1100006,23.7900009
5027,441,N,440,154.9199982,23.4400005
5028,441,N,440,154.2899933,21.9699993
5029,441,N,440,152.6499939,22.2600002
5030,441,N,440,150.1999969,23.8700008
5031,441,N,440,147.2799988,22.25
5032,441,N,440,149.5399933,25.7800007
5033,441,N,440,148.7100067,26.2299995
5034,441,N,440,148.2700043,28.2099991
5035,441,N,440,146.8699951,29.2700005
5036,441,N,440,144.6799927,29.9500008
5037,442,N,441,153.5899963,29.1900005
5038,442,N,441,154.1399994,31.7700005
5039,442,N,441,156.4199982,32.5499992
5040,442,N,441,156.7200012,31.2199993
5041,442,N,441,154.6999969,29.0100002
5042,442,N,441,153.5899963,29.1900005
5043,443,N,442,145.5700073,58.6399994
5044,443,N,442,146.3800049,59.0099983
5045,443,N,442,147.1799927,58.2599983
5046,443,N,442,149.4700012,55.7799988
5047,443,N,442,147.6999969,55.6599998
5048,443,N,442,145.5700073,58.6399994
5049,444,N,443,83.6200027,62.2099991
5050,444,N,443,85.7900009,63.0499992
5051,444,N,443,85.8199997,61.6100006
5052,444,N,443,84.8799973,61.6199989
5053,444,N,443,83.6200027,62.2099991
5054,445,N,444,88.7099991,63.0099983
5055,445,N,444,89.4499969,64.0999985
5056,445,N,444,91.6399994,63.75
5057,445,N,444,90.9599991,62.3100014
5058,445,N,444,88.7099991,63.0099983
5059,446,N,445,83.8000031,15.0100002
5060,446,N,445,85.7900009,15.7299995
5061,446,N,445,88.2200012,16.5300007
5062,446,N,445,88.1900024,18.7099991
5063,446,N,445,96.1200027,18.7600002
5064,446,N,445,96.1999969,16.3799992
5065,446,N,445,96.2099991,15.1499996
5066,446,N,445,96.3199997,11.79
5067,446,N,445,96.1200027,10.8000002
5068,446,N,445,95,10.7700005
5069,446,N,445,90.1500015,10.5699997
5070,446,N,445,88.2099991,10.8100004
5071,446,N,445,88.1500015,12.6599998
5072,446,N,445,86,13.4200001
5073,446,N,445,83.8000031,15.0100002
